ID;ALIMENTO;MEDIDA CASEIRA;PESO (g/ml);Kcal;CHO (g)
1;3 Corações®;;;;
2;Abacate;^{1} /_{4} unidade pequena;92;161;7
3;Abacate (picado);1 colher de sopa cheia;45;79;3
4;Abacaxi;1 fatia média;75;44;10
5;Abacaxi (polpa) congelada;1 saquinho;100;31;8
6;"Abacaxi com coco diet
Flormel®";1 tablete;25;113;19
7;Abacaxi em calda;1 fatia média;64;78;19
8;Abacaxi em caldas;1 fatia média;64;78;19
9;Abóbora cabotiá cozida;1 colher de sopa cheia;36;14;3
10;"Abóbora com coco diet
Flormel® cremoso";1 colher de sopa;20;36;7
11;"Abóbora com coco diet
Flormel® tablete";1 tablete;25;102;16
12;Abóbora-d’água cozida (picada);1 colher de sopa cheia;36;10;0
13;"Abóbora-moranga cozida
(picada)";1 colher de sopa cheia;36;7;1
14;"Abobrinha italiana cozida
(picada)";1 colher de sopa;20;3;0
15;Abobrinha italiana crua (picada);1 colher de sopa;20;4;1
16;"Abobrinha paulista crua
(picada)";1 colher de sopa;20;6;2
17;"Açaí (polpa) com xarope de
guaraná e glicose";1 pote médio;200;220;43
18;Açaí (polpa) congelada;1 pote pequeno;100;58;6
19;Açaí com xarope (suco);1 copo duplo;240;438;72
20;Açaí natural Frooty®;"6 colheres de sopa
rasas";60;62;13
21;Acelga (picada);1 colher de sopa cheia;6;2;0
22;Acerola;1 unidade pequena;12;4;1
23;Acerola (polpa) congelada;1 saquinho;100;22;6
24;Achocolatado (média);1 colher de sopa;16;113;14
25;Achocolatado (média);1 colher de sopa;16;113;14
26;Achocolatado Chocoki®;1 colher de sopa;8;13;5
27;Achocolatado diet Gold®;1 colher de sopa;5;16;3
28;Achocolatado diet Gold®;1 colher de sopa;5;16;3
29;Achocolatado diet Linea®;1 colher de sopa;12;30;5
30;Achocolatado diet Tal & Qual®;1 colher de sopa;5;15;3
31;Achocolatado diet Tal & Qual®;1 colher de sopa;5;15;3
32;Achocolatado light Nescau®;1 colher de sopa;9;32;7
33;Achocolatado light Nescau®;1 colher de sopa;9;32;7
34;Achocolatado light Taeq®;1 colher de sopa;10;34;7
35;Achocolatado light Taeq®;1 colher de sopa;10;34;7
36;Achocolatado light Toddy®;1 colher de sopa;10;37;8
37;Achocolatado light Toddy®;1 colher de sopa;10;37;8
38;Achocolatado Nescau®;1 colher de sopa;10;37;9
39;Achocolatado Nescau®;1 colher de sopa;10;37;9
40;Achocolatado Toddy®;1 colher de sopa;10;40;9
41;Achocolatado Toddy®;1 colher de sopa;10;40;9
42;Açúcar branco refinado;1 colher de sopa cheia;30;116;30
43;Açúcar cristal;1 colher de sopa;24;93;24
44;Açúcar light;1 colher de chá;4;16;4
45;Açúcar mascavo;1 colher de sopa rasa;11;41;11
46;Adoçante Tal e Qual® (em pó);1 colher de sopa;2;8;2
47;Agrião (picado);1 colher de sopa cheia;7;2;0
48;Agrião refogado;1 colher de sopa cheia;25;19;1
49;Água de coco Do Bem®;1 copo;200;43;11
50;Água de coco Kero coco®;1 copo;200;40;10
51;Água de coco Sococo®;1 copo;200;44;11
52;Água de coco verde;1 copo;200;36;8
53;Água tônica Antarctica®;1 copo;200;64;16
54;Água tônica zero Antarctica®;1 copo;200;0;0
55;Aguardente;1 dose;50;35;5
56;Aipim cozido (picado);1 colher de sopa cheia;37;44;22
57;Aipim frito;1 pedaço médio;70;211;35
58;Aipo cru (picado);1 colher de sopa rasa;10;2;0
59;Alcachofra cozida;1 pedaço médio;20;6;1
60;Alcaparra;1 colher de sopa cheia;27;10;1
61;Alface americana crua;1 folha média;10;1;0
62;Alface crua (média);1 prato de sobremesa;100;3;1
63;Alface lisa/crespa crua;1 folha média;10;1;0
64;Alface roxa crua;1 folha média;10;1;0
65;Alfajor Cacau Show®;1 unidade;40;120;23
66;Alfajor Havana Chocolate®;1 unidade;55;208;32
67;"Alfajor recheado com doce
de leite";1 unidade;25;98;15
68;Alfavaca crua;1 folha média;10;3;0
69;Algodão-doce;1 unidade;30;116;30
70;Algodão-doce Mavalério®;1 unidade;35;140;35
71;Alho;2 dentes pequenos;10;11;3
72;Alho-poró;1 colher de sopa cheia;20;11;3
73;All Bran Original Kellogg’s®;½ copo;40;104;18
74;Almeirão cru (picado);1 colher de sopa cheia;6;1;0
75;Almeirão refogado;1 colher de sopa cheia;30;20;2
76;Almôndega de peru;"1 unidade
pequena";25;45;6
77;"Almôndega de
carne frita";"1 unidade
pequena";30;82;5
78;"Almôndega de
frango crua";"1 unidade
pequena";45;90;6
79;Amaranto cru;1 colher de sopa cheia;25;91;16
80;Amaranto cru;"1 colher
de sopa
cheia";25;91;4
81;Ambrosia;1 colher de sopa;40;58;10
82;Ameixa com coco diet Flormel®;1 tablete;25;86;17
83;Ameixa em calda;1 unidade média;7;20;5
84;Ameixa preta;1 unidade média;42;18;4
85;Ameixa preta seca;1 unidade média;5;12;3
86;Ameixa vermelha;1 unidade média;42;23;5
87;Amêndoa;10 unidades;30;130;10
88;Amendocrem®;1 colher de sopa;20;122;6
89;Amendoim;1 colher de sopa cheia;19;111;4
90;Amendoim caramelizado;1 pacote pequeno;20;95;14
91;Amendoim japonês Yoki®;1 colher de sopa;15;75;5
92;Amendoim torrado;1 colher de sopa cheia;19;118;3
93;Amido de arroz;1 colher de sopa cheia;20;69;17
94;Amido de milho;1 colher de sopa cheia;20;72;18
95;Amora (diversas);1 unidade média;8;5;1
96;Angu;1 colher de sopa;35;44;9
97;Arroz à grega;1 colher de servir;60;75;18
98;Arroz basmatti cozido;1 colher de sopa cheia;25;27;6
99;Arroz branco cozido;1 colher de sopa cheia;25;26;5
100;Arroz branco cozido;1 colher de servir;45;58;13
101;"Arroz branco cozido
(instantâneo)";1 colher de sopa cheia;25;28;6
102;Arroz carreteiro;1 colher de servir;45;70;5
103;Arroz com amêndoas;1 colher de servir;60;75;18
104;Arroz com lentilha;1 colher de servir;45;71;12
105;Arroz com linguiça;1 colher de sopa cheia;60;116;12
106;Arroz com passas;1 colher de sopa cheia;25;37;8
107;Arroz com pequi;1 colher de sopa cheia;60;97;17
108;Arroz doce;1 colher de sopa;30;51;10
109;Arroz doce diet;1 colher de sopa;30;41;6
110;Arroz frito;1 colher de sopa cheia;25;48;6
111;Arroz integral com brócolis;1 colher de sopa cheia;25;26;5
112;Arroz integral cozido;1 colher de sopa cheia;20;25;5
113;Arroz integral cozido;1 colher de servir;50;54;12
114;Arroz parboilizado;1 colher de sopa cheia;28;35;7
115;Arroz piamontese;1 colher de servir rasa;40;72;8
116;Arroz preto cozido;1 colher de sopa cheia;25;88;18
117;Arroz Ráris Fit® (média);^{1} /_{4} xícara de chá;45;158;32
118;Arroz selvagem cozido;1 colher de sopa cheia;25;28;5
119;Arroz sírio;1 colher de servir;45;69;13
120;Arroz vermelho cozido;1 colher de sopa cheia;25;30;6
121;Arroz-doce;1 colher de sopa;30;51;10
122;Arroz-doce diet;1 colher de sopa;30;41;6
123;"Artesanal Bourbon Bacon
(Bob’s®)";1 unidade pequena;271;470;26
124;Aspargos (conserva);1 unidade média;7;2;0
125;"Atum em água
(drenado)";1 lata;120;98;24
126;"Atum em óleo
(drenado)";1 lata;120;203;31
127;Atum fresco cru;"1 filé
grande";100;118;26
128;Australiano Artesanal (Bob’s®);1 unidade pequena;340;758;47
129;Australiano M (Bob’s®);1 unidade média;404;1016;46
130;Avelã;1 unidade;1;6;0
131;Azeite de dendê;"1 colher de
sopa";8;72;0
132;Azeite de oliva;"1 colher de
sopa";8;72;0
133;Azeitona preta;1 unidade;3;7;0
134;Azeitona preta;1 unidade;3;7;0
135;Azeitona verde;1 unidade;4;12;0
136;Azeitona verde;1 unidade;4;12;0
137;Baba de moça;1 colher de sopa cheia;30;150;27
138;"Bacalhau
dessalgado cru";1 porção;100;127;29
139;Bacon;"1 fatia
pequena";10;89;3
140;"Bacon Baked
Potato®";1 concha;20;92;3
141;"Bacon Smokehouse
(McDonald’s®)";1 unidade;;978;75
142;Baconzitos®;1 pacote pequeno;55;286;31
143;Bagel gergelim Wickbol®;1 unidade;40;121;21
144;Bagel multigrãos Wickbold®;1 unidade;40;117;20
145;Bala “de latinha” diet Gold®;1 bala;2;0;2
146;Bala Chita®;1 unidade;5;20;5
147;Bala Dadinho®;1 unidade;6;31;4
148;Bala de caramelo (média);1 unidade;5;20;4
149;Bala de goma;1 unidade;3;11;3
150;Bala de jenipapo;1 unidade;9;25;6
151;Bala de maçã Lilith®;1 unidade;5;21;5
152;Bala Delícia;1 unidade;5;20;4
153;Bala Frumelo – Lacta®;1 unidade;4;17;3
154;Bala gelatina Fini® (ursinhos);1 unidade;2;8;2
155;Bala Halls®;1 unidade;3;13;3
156;Bala Icekiss®;1 unidade;4;16;4
157;Bala Jujuba;1 unidade;3;12;3
158;Bala Marshmallow Fini®;1 unidade;6;19;4
159;Bala Mentex®;1 unidade;3;11;3
160;Bala Mentos®;1 unidade;3;11;2
161;Bala Toffees®;1 unidade;7;29;4
162;Bala Yogurte Dori®;1 unidade;5;19;4
163;Bala zero Dadinho®;1 unidade;6;29;3
164;Banana (média);"1 unidade média
(sem casca)";55;51;13
165;Banana à milanesa;1 unidade média;100;185;24
166;Banana caramelada;1 unidade média;100;229;59
167;Banana-caturra;"1 unidade média
(sem casca)";86;79;20
168;Bananada;1 unidade média;40;115;27
169;Bananada diet;1 unidade média;40;102;24
170;Banana-da-terra crua;"1 unidade grande
(sem casca)";100;117;27
171;Banana-maçã;"1 unidade média
(sem casca)";65;72;15
172;Banana-nanica;"1 unidade média
(sem casca)";70;64;17
173;Banana-prata;"1 unidade média
(sem casca)";50;49;13
174;Bananinha diet Paraibuna®;1 tablete;23;68;16
175;Bananinha Paraibuna®;1 tablete;36;114;27
176;Banha de porco;"1 colher de
sobremesa";21;189;0
177;"Barra de biscoito integral
morango Nutry®";1 barra;20;83;13
178;Barra de cereal (média);1 unidade;25;97;18
179;"Barra de cereal banana com
chocolate zero Trio®";1 barra;22;78;13
180;Barra de cereal diet (média);1 unidade;25;67;15
181;"Barra de cereal laranja com
chocolate Taeq®";1 unidade;25;81;16
182;Barra de cereal light (média);1 unidade;25;75;16
183;"Barra de granola crocante
Nature Valley®";1 barra;21;96;13
184;"Barra de granola salgada
GranPure®";1 unidade;15;67;7
185;"Barra de mixed nuts original
Agtal®";1 unidade;30;155;8
186;Batata baroa cozida;1 colher de sopa cheia;35;28;7
187;Batata baroa frita;1 colher de sopa cheia;25;57;7
188;Batata doce assada;1 colher de sopa rasa;30;43;11
189;Batata doce cozida;1 colher de sopa rasa;30;27;6
190;Batata doce frita;1 fatia média;65;249;39
191;"Batata Frita grande
(Burguer King®)";1 unidade;142;389;46
192;"Batata Frita média
(Burguer King®)";1 unidade;116;318;37
193;"Batata Frita pequena
(Burguer King®)";1 unidade;74;203;24
194;"Batata Furiosa grande
(Burguer King®)";1 unidade;354;247;118
195;"Batata Furiosa média
(Burguer King®)";1 unidade;184;604;61
196;Batata inglesa cozida;1 colher de sopa cheia;30;16;4
197;Batata inglesa frita;"1 colher de servir
cheia";50;140;18
198;Batata inglesa frita (chips);1 colher de servir rasa;15;81;7
199;Batata inglesa sauté;1 colher de sopa rasa;25;37;4
200;Batata palha (média);1 xícara de chá;25;139;11
201;"Batata Suprema grande
(Burguer King®)";1 unidade;368;604;59
202;"Batata Suprema média
(Burguer King®)";1 unidade;221;368;36
203;Batata Yacon;1 colher de sopa cheia;25;8;2
204;"Batida de fruta com com leite
condensado";1 taça;100;256;26
205;Beijinho;1 unidade pequena;10;42;5
206;Beijinho diet;1 unidade pequena;6;20;2
207;Beijinho Moça fiesta Nestlé®;1 unidade média;15;52;8
208;Beiju;1 unidade média;100;359;87
209;Beiju com côco;1 unidade grande;125;622;77
210;Beiju de queijo com manteiga;1 unidade média;150;518;87
211;"Beirute de Frango Crocante
(Habib’s®)";1 unidade;553;1269;84
212;Beirute de Rosbife (Habib’s®);1 unidade;418;919;56
213;Beirute Habidão (Habib’s®);1 unidade;585;1584;47
214;Bem casado;1 unidade;40;160;25
215;Berinjela cozida (picada);1 colher de sopa cheia;25;9;2
216;Berinjela frita;1 rodela média;13;10;1
217;Bertalha;1 colher de sopa cheia;14;6;1
218;Beterraba cozida (picada);1 colher de sopa cheia;20;9;2
219;Beterraba crua (ralada);1 colher de sopa cheia;16;7;1
220;Bib’s Cheese Salada (Habib’s®);1 unidade;220;601;30
221;Bib’s Chicken Crispy (Habib’s®);1 unidade;230;529;33
222;Bib’s Picanha Bacon (Habib’s®);1 unidade;285;1251;28
223;"Bib’sfiha de Calabresa com
Muçarela (Habib’s®)";1 unidade;70;115;9
224;Bib’sfiha de Carne (Habib’s®);1 unidade;75;171;20
225;Bib’sfiha de Cordeiro (Habib’s®);1 unidade;70;97;8
226;"Bib’sfiha de Espinafre e
Philadelphia (Habib’s®)";1 unidade;80;158;19
227;Bib’sfiha de Frango (Habib’s®);1 unidade;75;152;19
228;Bib’sfiha de Picanha (Habib’s®);1 unidade;70;89;8
229;Bib’sfiha de Queijo (Habib’s®);1 unidade;70;184;18
230;Bib’sfiha Italiana (Habib’s®);1 unidade;72;128;9
231;"Bib’sfiha Pepperoni com
Mussarela e Philadelphia®
(Habib’s®)";1 unidade;80;181;9
232;"Bib’sfiha Quatro Queijos e
Philadelphia (Habib’s®)";1 unidade;80;177;8
233;Bife à milanesa;1 unidade;100;283;21
234;Bife à parmegiana;1 unidade;150;490;35
235;"Bife de boi
grelhado";"1 unidade
média";100;225;36
236;"Bife de fígado
grelhado";"1 unidade
média";100;225;30
237;"Bife de fígado
grelhado";"1 unidade
média";100;225;30
238;Bife frito;1 unidade;100;297;26
239;Big Apple com refrigerante;1 copo;200;205;28
240;Big Apple com refrigerante zero;1 copo;200;125;10
241;Big Bob (Bob’s®);1 unidade média;243;540;37
242;Big Bob Artesanal (Bob’s®);1 unidade pequena;247;570;34
243;Big Bob Picanha (Bob’s®);1 unidade pequena;255;564;36
244;Big King (Burguer King®);1 unidade;312;806;148
245;Big Mac (McDonald’s®);1 unidade;;502;45
246;Big Tasty (McDonald’s®);1 unidade;;837;41
247;Biscoitão de polvilho;1 unidade pequena;20;110;14
248;Biscoito água;1 unidade;5;23;3
249;Biscoito água e sal;1 unidade;8;34;5
250;Biscoito amanteigado;1 unidade;4;26;3
251;"Biscoito ao leite com aveia
Belvita®";1 pacotinho;30;138;20
252;Biscoito bichinhos Piraquê®;1 unidade;1;5;1
253;Biscoito centeio Nesfit;1 unidade;4;17;2
254;Biscoito champanhe;1 unidade;8;32;6
255;Biscoito cream cracker®;1 unidade;7;29;5
256;Biscoito de arroz Fit Food®;1 pacote;30;109;23
257;Biscoito de farinha integral;1 unidade;10;40;7
258;Biscoito de leite diet;1 unidade pequena;3;12;2
259;Biscoito de leite Nestlé®;1 unidade;8;38;5
260;Biscoito de maisena;1 unidade;5;22;4
261;Biscoito de milho verde Nestlé®;1 unidade;6;27;4
262;Biscoito de polvilho (rosquinha);1 unidade;3;13;2
263;Biscoito de queijo;1 unidade;12;51;6
264;"Biscoito de tapioca Fhom®
(média)";22 unidades pequenas;30;114;27
265;Biscoito frito salgado;3 unidades;50;214;26
266;"Biscoito grãos da terra aveia e
passas Aymoré®";1 unidade;15;80;12
267;"Biscoito integral 3 cereais
Nestlé®";1 pacote;21;92;14
268;Biscoito integral Club Social®;1 biscoito;9;39;6
269;Biscoito maisena Nestlé®;1 unidade;5;22;4
270;Biscoito Maria®;1 unidade;6;26;4
271;"Biscoito Passatempo®
(sem recheio)";1 unidade;6;22;4
272;Biscoito recheado (média);1 unidade;13;58;8
273;"Biscoito recheado de chocolate
(média)";1 unidade;13;62;9
274;Biscoito recheado diet (média);1 unidade pequena;10;37;8
275;"Biscoito salgado integral
gergelim Piraquê®";1 unidade;7;38;5
276;Biscoito Salpet®;1 unidade;2,5;12;2
277;"Biscoito tipo Club Social®
(média)";1 pacotinho;28;134;18
278;Biscoito tipo cookies (média);1 unidade;10;47;7
279;Biscoito tipo cookies diet (média);1 unidade;10;43;7
280;Biscoito tipo sequilhos (média);1 unidade pequena;3;13;2
281;Biscoito tipo waffer (média);1 unidade;8;40;5
282;Biscoito tipo waffer diet (média);1 unidade;7;39;4
283;"Biscoito trigo e flocos de arroz
Club Social®";1 biscoito;9;39;6
284;"Biscoito waffer chocolate
Lowçucar®";1 unidade;8;39;3
285;Bisnaguinha (média);1 unidade;20;60;11
286;"Bisnaguinha mini Scooby-Doo
Wickbold®";1 unidade;8;28;5
287;"Bisnaguinha Scooby-Doo
Wickbold®";1 unidade;18;51;10
288;Bisnaguinha Seven Boys®;1 unidade;20;62;11
289;BK Chicken (Burguer King®);1 unidade;19;47;3
290;Blanquet de peru;"1 fatia
pequena";10;9;2
291;Bloody Mary;1 taça;100;123;5
292;Bob’s Artesanal (Bob’s®);1 unidade pequena;330;709;34
293;Bob’s Australiano (Bob’s®);1 unidade pequena;288;717;44
294;Bob’s Burger®;1 unidade pequena;165;339;28
295;Bob’s Crispy (Bob’s®);1 unidade pequena;206;544;40
296;Bolinha de queijo;1 unidade pequena;10;27;3
297;Bolinha de queijo;1 unidade pequena;20;55;7
298;Bolinho de Bacalhau (Habib’s®);1 unidade;40;78;6
299;Bolinho de chuva;1 unidade pequena;20;54;8
300;Bolinho de Chuva;1 unidade pequena;30;81;13
301;Bolinho de chuva salgado;1 unidade;8;21;3
302;Bolinho de chuva salgado;1 unidade;8;21;3
303;Bolo alemão;1 fatia;60;227;30
304;Bolo branco simples;1 fatia grande;100;318;55
305;"Bolo de abacaxi zero adição de
açúcar Suavipan®";1 fatia média;40;145;20
306;Bolo de aipim;1 fatia média;40;130;19
307;Bolo de aipim com coco;1 fatia grande;100;303;46
308;Bolo de arroz;1 fatia grande;100;281;55
309;Bolo de banana;1 fatia grande;100;301;47
310;Bolo de batata-doce;1 fatia grande;90;324;48
311;"Bolo de caneca chocolate zero
Vitao®";1 unidade;55;175;39
312;"Bolo de caneca integral Vitalin®
(média)";1 unidade;70;265;56
313;Bolo de cenoura;1 fatia média;60;227;38
314;"Bolo de cenoura com chocolate
Dr. Otcker®";1 fatia média;60;227;38
315;Bolo de chocolate;1 fatia média;40;164;22
316;Bolo de coco;1 fatia média;40;133;21
317;"Bolo de festa (recheio/
cobertura)";1 fatia grande;100;320;54
318;"Bolo de festa diet (recheio/
cobertura)";1 fatia grande;100;275;25
319;Bolo de fubá;1 fátia média;50;160;20
320;Bolo de milho;1 fatia média;40;124;18
321;Bolo de pote Casa de Bolos®;1 fatia;60;166;22
322;Bolo Petit Gateau;1 unidade;60;245;25
323;Bolo Petit Gateau light;1 unidade media;94;344;21
324;Bolo recheado light Suavipan®;1 unidade;40;117;18
325;Bolo simples de trigo;1 fatia média;60;203;36
326;Bolo simples sem cobertura;1 fatia média;40;143;21
327;Bolo simples sem cobertura diet;1 fatia média;40;103;14
328;Bomba de chocolate;1 unidade;80;125;10
329;Bombom Alpino®;1 unidade;13;70;8
330;Bombom Amandita Lacta®;1 unidade;8;40;5
331;Bombom Chokito®;1 unidade;32;140;25
332;"Bombom de Chocolate Belga
Amedoim Haoma®";1 unidade;20;106;7
333;"Bombom de Chocolate Belga
Avelâ Haoma®";1 unidade;20;90;7
334;"Bombom de Cookies e Cream
Haoma®";1 unidade;20;90;9
335;"Bombom diet recheado Cacau
Show®";1 unidade;13;58;7
336;Bombom Ferrero Rocher®;1 unidade;13;75;6
337;"Bombom Garoto Caribe®
(banana)";1 unidade;17;65;12
338;Bombom Garoto It Coco®;1 unidade;17;80;11
339;Bombom Garoto Opereta®;1 unidade;12;67;8
340;Bombom Kinder Ovo®;1 unidade;20;110;10
341;Bombom Lacta Laka®;1 unidade;20;108;12
342;Bombom Nestlé Charge®;1 unidade;40;187;24
343;Bombom Nestlé Galak®;1 pedaço;25;138;14
344;Bombom Nestlé Kit Kat®;1 unidade;42;218;23
345;Bombom Nestlé Prestígio®;1 unidade;33;154;21
346;Bombom Ouro Branco®;1 unidade;22;112;14
347;Bombom Sonho de Valsa®;1 unidade;22;115;13
348;Bombom Trufa de Cereja®;1 unidade;10;45;6
349;Brigadeiro;1 unidade pequena;10;36;6
350;Brigadeiro diet;1 unidade pequena;23;62;7
351;Brigadeiro diet de colher Hué®;1 colher de sopa;20;86;5
352;Brioche ou rosca;1 fatia média;25;88;12
353;Broa de amendoim;1 pedaço;50;138;18
354;Broa de fubá;1 pedaço;10;39;5
355;Broa de fubá/milho;1 fatia média;60;154;30
356;Brócolis cozido (picado);1 colher de sopa cheia;10;4;0
357;Broto de feijão cru;1 pires cheio;100;44;8
358;Broto de feijão cru;1 colher de sopa cheia;35;16;8
359;Brownie chocolate diet (média);1 unidade;40;107;15
360;Burger Vegano Fit (Madero®);1 unidade;370;637;85
361;"Burger Vegano Junior Fit
(Madero®)";1 unidade;300;506;73
362;Cacau;1 porção;100;74;19
363;Cacau em pó (média);1 colher de sopa;10;31;5
364;"Cachorro quente(pão/salsicha/
molhos/milho/batata)";1 unidade;120;203;27
365;Café com açúcar;1 xícara de chá;200;80;20
366;"Café com leite meio a meio
(com açúcar)";"1 xícara de chá/
1 copo";200;117;19
367;"Café com leite meio a meio
(sem açúcar)";"1 xícara de chá/
1 copo";200;88;7
368;Café sem açúcar;1 xícara de chá;200;10;0
369;Café solúvel (pó);1 colher de sopa cheia;4;6;1
370;Caipirinha (com açúcar);1 dose;200;187;33
371;Caipirinha (sem açúcar);1 dose;200;85;21
372;Cajá (polpa) congelada;1 saquinho;100;40;10
373;Cajá-manga;1 unidade grande;55;38;9
374;Caju;1 unidade grande;120;55;14
375;Caju (polpa) congelada;1 saquinho;100;46;12
376;Cajuzinho;1 unidade pequena;12;44;6
377;Calda de caramelo;1 colher de sopa;10;31;7
378;Calda de chocolate;1 colher de sopa;10;31;5
379;Calda de morango;1 colher de sopa;10;25;7
380;Caldo de cana;1 copo;200;130;36
381;Caldo de feijão;1 concha média;130;98;13
382;Camarão frito;4 unidades;20;37;4
383;Camil®;;;;
384;Cana-de-açúcar (caldo);1 copo duplo;240;201;49
385;Canelone à bolonhesa;1 unidade média;45;76;5
386;Canelone de frango;1 unidade média;45;87;9
387;"Canelone de peito de peru,
queijo e brócolis";1 unidade média;45;62;6
388;"Canelone de ricota com
espinafre";1 unidade média;45;75;5
389;Canjica doce;1 concha média;120;126;23
390;Canjica doce diet;1 concha média;120;86;13
391;Canudinho de doce de leite;1 unidade;25;89;14
392;Capeletti de carne;1 escumadeira;50;141;25
393;Capeletti de frango;1 escumadeira;50;140;25
394;Capeletti de presunto;1 escumadeira;50;143;25
395;Cappuccino diet em pó (média);2 colheres de sopa;14;64;6
396;"Cappuccino em pó tradicional
(média)";2 colheres de sopa;20;81;15
397;Cappuccino pronto Classic Café;1 unidade;187;187;28
398;"Cappuccino pronto Light Café 3
Corações®";1 unidade;187;119;12
399;Cappuccino tradicional em pó;2 colheres de sopa;14;49;8
400;Caqui;1 unidade média;110;95;22
401;Cará cozido (picado);1 colher de sopa cheia;35;28;7
402;Cará refogado;1 colher de sopa cheia;27;31;5
403;Carambola;1 unidade grande;100;46;11
404;Caramelo diet Hué®;1 unidade;6;23;4
405;"Carne de porco
lombo assado";1 porção;100;210;0
406;"Carne de porco
pernil assado";1 porção;100;260;0
407;Carne vegetal (soja);1 pedaço;50;36;4
408;Carpaccio de carne;"1 fatia
média";30;86;0
409;"Carpaccio de
Salmão Damm®";1 porção;100;142;0
410;Castanha-de-caju;10 unidades;30;130;10
411;Castanha-do-Pará;3 unidades;18;126;3
412;Castanha-portuguesa (cozida);1 unidade média;10;21;5
413;Caviar;1 porção;100;252;4
414;Cebola (picada);1 colher de sopa cheia;10;4;1
415;Cebolinha crua (picada);1 colher de sopa cheia;8;2;0
416;Cenoura cozida (picada);1 colher de sopa cheia;25;8;2
417;Cenoura crua (ralada);1 colher de sopa cheia;12;4;1
418;Cereais diet (média);3 / _{4} xícara de chá;40;90;17
419;"Cereal matinal chocolate
Vitalin®";^{3} /_{4} xícara de chá;30;121;24
420;"Cereal matinal de aveia com
Nuts Nutry®";½ xícara de chá;40;163;23
421;"Cereal matinal de milho com
açúcar";1 xícara de chá;40;151;36
422;"Cereal matinal de milho sem
açúcar";1 xícara de chá;40;146;33
423;Cereal matinal tradicional;3 / _{4} xícara de chá;30;115;26
424;Cereal Nesfit®;^{3} /_{4} xícara de chá;30;110;23
425;Cereal Neston®;2 colheres de sopa;23;80;18
426;Cereja (conserva);1 unidade;5;8;2
427;Cereja fresca;1 unidade média;4;4;1
428;Cerveja;1 lata;335;137;12
429;Cerveja Bock® preta;1 lata;335;174;13
430;Cerveja Cerpa®;1 copo duplo;240;100;9
431;Cerveja Heineken®;1 lata;350;147;11
432;Cerveja Pilsen (média);1 lata;350;142;12
433;Cerveja Puro Malte (média);1 lata;350;140;11
434;Cerveja sem álcool;1 lata;335;89;15
435;Cerveja Trigo (média);1 copo;200;125;13
436;Cevada torrada e moída Yoki®;½ xícara de chá;50;176;40
437;Chá de limão Nestea light®;1 copo;240;0;0
438;Chá sem açúcar (média);1 xícara de chá;200;2;0
439;Chá-mate com açúcar (infusão);1 copo;240;9;2
440;Champagne;1 taça;100;85;12
441;Champignon (conserva);1 colher de sopa;10;2;0
442;"Chandelle®
chocolate";1 potinho;90;132;20
443;Chantilly;1 colher de sopa;25;69;3
444;Chá-preto sem açúcar (infusão);1 copo;200;1;0
445;Cheddar (Bob’s®);1 unidade média;208;415;27
446;Cheddar (Burguer King®);1 unidade;136;321;28
447;Cheddar Duplo (Burguer King®);1 unidade;181;410;28
448;"Cheddar Mc Melt®
(McDonald’s®)";1 unidade;;468;30
449;Cheddar Triplo (Burguer King®);1 unidade;260;659;32
450;Cheese Chicken Fit (Madero®);1 unidade;330;424;38
451;Cheeseburger (Bob’s®);1 unidade pequena;122;336;27
452;Cheeseburger (Burguer King®);1 unidade;136;339;31
453;Cheeseburger (McDonald’s®);1 unidade;;302;32
454;"Cheeseburger Bacon (Burguer
King®)";1 unidade;145;379;31
455;Cheeseburger Madero Fit®;1 unidade;300;370;36
456;"Cheeseburger Madero
Menos Sal®";1 unidade;360;470;38
457;"Cheeseburger Vegetariano
Junior Fit (Madero®)";1 unidade;315;573;72
458;"Cheeserbuger Vegetariano Fit
(Madero®)";1 unidade;400;732;88
459;Cheetos®;1 pacote pequeno;55;275;37
460;Chicken Crisp (Burguer King®);1 unidade;276;667;68
461;"Chicken Crisp Barbecue Bacon
(Burguer King®)";1 unidade;350;600;56
462;Chicken Jr. (Burguer King®);1 unidade;162;513;55
463;"Chicken Sandwich
(Burguer King®)";1 unidade;210;609;53
464;"Chicken Supreme Crispy
(McDonald’s®)";1 unidade;;526;43
465;"Chicken Supreme Grill
(McDonald’s®)";1 unidade;;454;30
466;Chiclete Bubbaloo®;1 unidade;6;20;5
467;Chiclete de hortelã;1 unidade;4;13;3
468;Chiclete Trident®;1 unidade;2;3;1
469;Chicória crua;1 xícara de chá;30;3;1
470;Chicória crua;1 prato de sobremesa;100;14;3
471;Chicória refogada;1 colher de sopa cheia;45;39;3
472;Chicória refogada;1 colher de servir cheia;45;39;3
473;Chimarrão;1 cuia média;200;12;0
474;"Chips de batata doce Fhom®
(média)";1 xícara de chá;25;138;17
475;"Chips de mandioquinha Fhom®
(média)";1 xícara de chá;25;143;16
476;Chocolate ao leite (média);1 barra pequena;30;160;18
477;Chocolate ao leite diet (média);1 barra pequena;30;157;13
478;Chocolate Batom®;1 unidade;16;88;10
479;"Chocolate Bis diet
(Mais Um Svili®)";1 unidade;7;26;5
480;Chocolate Bis®;1 unidade;7;33;4
481;Chocolate com castanha (média);1 barra pequena;30;168;16
482;Chocolate Diamante Negro®;1 barra pequena;30;156;19
483;Chocolate diet Talento ®;1 barrinha;25;129;12
484;Chocolate Galak®;1 barra pequena;30;170;16
485;Chocolate meio amargo (média);1 barra pequena;25;128;14
486;Chocolate Talento®;^{1} /_{4} barra;25;137;13
487;Chocotone;1 fatia grande;60;240;33
488;Chocotone diet;1 fatia grande;60;180;26
489;Chopp;1 tulipa;290;122;11
490;Chouriço;1 gomo;60;227;1
491;Chuchu cozido (picado);1 colher de sopa rasa;15;3;1
492;Churros com doce de leite;1 unidade;100;322;44
493;Cidra;1 dose;100;40;10
494;Ciriguela;1 unidade média;20;15;4
495;Clara de ovo cozida;1 unidade;30;15;0
496;ClubHouse (McDonald’s®);1 unidade;;819;48
497;"ClubHouse com Crispy
(McDonald’s®)";1 unidade;;607;60
498;Coca-cola®;1 copo;200;78;20
499;Coca-cola® zero;1 copo;200;0;0
500;Cocada;1 unidade pequena;50;185;28
501;Cocada ao Leite diet Flormel®;1 tablete;25;103;12
502;Cocada zero Hué®;1 tablete;25;93;10
503;Coco fresco (água);1 copo duplo;240;43;10
504;Coco fresco (massa);1 pedaço médio;40;142;6
505;Coco fresco (ralado);1 xícara de chá;100;354;15
506;Coco ralado (industrializado);1 colher de sopa cheia;12;72;2
507;Coentro;1 colher de sopa rasa;8;2;0
508;Cogumelo (conserva);1 colher de sopa;27;5;1
509;Cogumelo paris cozido;1 colher de sopa cheia;35;10;2
510;Cogumelo shiimeji cru;1 colher de sopa rasa;20;6;1
511;Cogumelo shiitake cozido;1 colher de sopa cheia;35;21;5
512;Cogumelo shiitake seco;1 colher de sopa;25;44;11
513;"Cogumelo
paris cozido";"1 colher
de sopa
cheia";35;10;2
514;"Cogumelo
shiitake cozido";"1 colher
de sopa
cheia";35;21;5
515;"Cogumelo
shimeji cru";"1 colher de
sopa rasa";20;6;1
516;Conhaque;½ copo;100;231;0
517;"Cookies de aveia cacau e avelã
Quacker®";1 unidade;10;39;6
518;"Cookies de aveia com maçã e
canela Quacker®";1 unidade;13;53;8
519;"Cookies de aveia com passas
Quacker®";1 unidade;10;39;6
520;"Cookies de aveia granola
Quaker®";1 unidade;10;39;6
521;"Cookies diet integrais cacau
com gotas de chocolate Vitao®";9 unidades;30;132;20
522;"Cookies integrais castanha de
caju Jasmine®";1 unidade;8;32;5
523;"Cookies integrais castanha de
Caju Vitao®";1 unidade;8;34;6
524;"Cookies integrais de soja sem
glúten Good Soy®";1 unidade;17;65;9
525;"Cookies integrais diet de laranja
Vitao®";1 unidade;6;23;5
526;"Cookies integrais diet de
banana com chocolate Vitao®";1 unidade;6;25;4
527;"Cookies integrais diet de
banana Vitao®";1 unidade;6;24;5
528;"Cookies integrais diet de
castanha de caju Jasmine®";1 unidade;4;15;2
529;"Cookies integrais diet de
morango com chocolate Vitao®";1 unidade;5;21;3
530;"Cookies integrais sem glúten
cacau Vitao®";1 unidade;6;27;4
531;"Coração de boi
cozido";1 fatia;100;147;0
532;"Coração de galinha
assado brasa";5 unidades;30;60;0
533;"Cordeiro, filé
assado";1 porção;100;15;1
534;Corn Flakes Kellogg’s®;1 xícara de chá;30;108;24
535;Couve crua;1 folha média;20;10;1
536;Couve de bruxelas cozida;1 colher de sopa cheia;25;7;1
537;Couve refogada;1 colher de sopa cheia;15;21;2
538;Couve-flor à milanesa;1 ramo médio;90;136;11
539;Couve-flor cozida;1 ramo médio;60;25;4
540;Couve-flor crua (picada);1 colher de sopa rasa;12;5;1
541;Coxinha de frango;1 unidade grande;60;170;21
542;Coxinha de frango (festa);1 unidade pequena;15;56;3
543;Coxinha Fries (Burguer King®);1 unidade;168;337;50
544;Creme de amedoim Haoma®;1 colher de sopa;20;121;6
545;"Creme de arroz/milho cozido
(média)";1 colher de sopa;33;26;4
546;"Creme de avelã com cacau diet
Flormel®";1 colher de sopa;20;102;8
547;Creme de avelâ Haoma®;1 colher de sopa;20;120;4
548;"Creme de baunilha/choco/coco/
caramelo";1 colher de sopa;33;37;7
549;"Creme de Cookies e Cream
Haoma®";1 colher de sopa;20;95;11
550;Creme de leite;"1 colher de
sopa";15;35;0
551;Creme de leite light;"1 colher de
sopa";15;25;0
552;Cremogema® Tradicional;1 colher de sopa;20;72;18
553;Cremutcho®;"1 colher de
sopa";10;65;0
554;Croissant;1 unidade grande;80;328;32
555;Croissant de chocolate;1 unidade pequena;57;237;24
556;Croissant de queijo;1 unidade grande;80;388;32
557;Croquete de carne;1 unidade média;25;87;5
558;Crouton;1 colher de sopa;10;35;6
559;Croutons integral (média);1 xícara de chá;30;108;20
560;Croutons natural (média);1 xícara de chá;30;112;22
561;Cupuaçu;1 porção;100;49;10
562;Cupuaçu creme;1 colher de sopa cheia;20;135;5
563;Curau;1 colher de sopa;18;14;3
564;Cuscuz de milho;2 /_{3} xícara de chá;140;162;33
565;Cuscuz paulista;1 fatia pequena;80;161;34
566;Damasco seco;1 unidade média;7;9;2
567;Dobradinha;"1 colher de
sopa";35;39;3
568;Doce de abóbora;1 colher de sopa;40;83;18
569;Doce de banana;1 colher de sopa;48;39;9
570;Doce de batata-doce;1 colher de sopa;40;94;24
571;Doce de cidra;1 colher de sopa;50;81;20
572;"Doce de coco com maracujá diet
Flormel®";1 tablete;25;115;14
573;Doce de leite;1 colher de sopa;40;116;22
574;Doce de leite com ameixa;1 colher de sopa;20;67;12
575;"Doce de leite com ameixa diet
Flormel®";1 colher de sopa;20;52;8
576;"Doce de leite com aveia diet
Hué®";1 colher de sopa;20;61;8
577;Doce de leite com chocolate;1 colher de sopa;20;67;11
578;Doce de leite com coco diet;1 colher de sopa;20;45;6
579;"Doce de leite com coco diet
Flormel®";1 colher de sopa;20;66;9
580;"Doce de leite com nozes diet
Flormel®";1 tablete;25;111;14
581;Doce de leite diet (média);1 colher de sopa;40;122;16
582;Doce de leite diet Flormel®;1 colher de sopa;20;53;8
583;Doce de mamão diet;1 colher de sopa;40;30;11
584;Doce de mamão verde;1 colher de sopa;40;78;16
585;Doritos®;1 pacote pequeno;55;275;30
586;Duplo Picanha (McDonald’s®);1 unidade;;1434;51
587;"Duplo Quarteirão®
(McDonald’s®)";1 unidade;;766;33
588;Duplo Salada (McDonald’s®);1 unidade;;390;32
589;Duplo Veggie (McDonald’s®);1 unidade;;828;69
590;Edamame;1 colher de sopa;30;25;2
591;"Egg Cheese Bacon
(McDonald’s®)";1 unidade;;417;27
592;Empada;1 unidade média;55;197;26
593;Empada (festa);1 unidade pequena;12;43;6
594;Energético (média);1 lata;250;114;27
595;Energético diet (média);1 lata;250;12;2
596;Energético Red Bull®;1 lata;250;110;28
597;"Energético Red Bull® (sugar
free)";1 lata;250;10;2
598;Energético Tropical;1 lata;250;116;28
599;Enroladinho de salsicha;1 unidade pequeno;20;65;3
600;Ervilha (creme);1 concha média;130;125;17
601;Ervilha enlatada;1 colher de;27;25;5
602;Ervilha enlatada (drenada);1 colher de sopa;27;25;5
603;Ervilha vagem cozida;1 colher de sopa;30;26;4
604;Escarola crua;1 xícara de chá;30;5;1
605;Escarola refogada;"1 colher de servir
cheia";40;13;2
606;Esfiha aberta;1 unidade média;60;172;23
607;Esfiha grande (média);1 unidade média;80;229;31
608;"Espaguetti de feijão-azuki
com soja Fit Food®";1 prato;80;282;34
609;"Espaguetti de feijão-preto
com soja Fit Food®";1 prato;80;237;16
610;"Espaguetti de palmito à
bolonhesa";1 unidade comercial;300;214;9
611;Espaguetti de soja Fit Food®;1 prato;80;281;17
612;Espinafre cru (picado);1 colher de sopa cheia;20;4;0
613;Espinafre refogado;1 colher de sopa cheia;25;27;2
614;Espumante (média);1 copo;100;85;3
615;Extra Chicken (McDonald’s®);1 unidade;;345;35
616;Falafel (bolinho de grão de bico);1 porção;100;155;20
617;Fandangos®;1 pacote pequeno;55;251;40
618;Fanta® Laranja;1 copo;200;108;29
619;Fanta® Laranja diet;1 copo;200;0;0
620;Farelo de aveia;1 colher de sopa;10;34;4
621;Farelo de trigo;1 colher de sopa cheia;18;39;12
622;Farinha de arroz;1 colher de sopa cheia;17;62;14
623;Farinha de aveia;1 colher de sopa cheia;18;71;12
624;Farinha de centeio;1 colher de sopa cheia;15;49;10
625;Farinha de centeio integral;1 colher de sopa cheia;15;54;11
626;Farinha de mandioca;1 colher de sopa cheia;16;57;14
627;Farinha de milho;1 colher de sopa cheia;15;54;11
628;Farinha de milho integral;1 colher de sopa cheia;16;62;13
629;Farinha de rosca;1 colher de sopa cheia;15;59;11
630;Farinha de semolina;1 colher de sopa;20;72;15
631;Farinha de soja;1 colher de sopa cheia;15;65;5
632;Farinha de tapioca;1 colher de sopa cheia;25;58;15
633;"Farinha de tapioca com coco
e açúcar";1 colher de sopa cheia;25;107;21
634;Farinha de trigo;1 colher de sopa cheia;20;71;15
635;Farinha de trigo integral;1 colher de sopa cheia;20;72;14
636;"Farinha láctea com aveia
Nestlé®";1 colher de sopa rasa;8;30;5
637;"Farinha láctea com aveia
Nestlé®";1 colher de sopa;8;30;5
638;Farinha láctea Nestlé®;1 colher de sopa rasa;8;30;6
639;Farinha láctea Nestlé®;1 colher de sopa;8;30;6
640;"Farinha pronta para massa
salgada Vitao®";"1 fatia de massa
pronta – 50g";27;91;22
641;Farofa com bacon;1 colher de sopa cheia;45;206;16
642;Farofa com linguiça;1 colher de sopa cheia;15;54;7
643;Farofa de mandioca;1 colher de sopa cheia;25;96;20
644;Farofa de ovo;1 colher de sopa cheia;25;77;13
645;Farofa na manteiga;1 colher de sopa cheia;15;71;12
646;Farofa pronta Yoki®;1 colher de sopa cheia;35;143;28
647;Fava cozida (drenada);1 colher de sopa;20;22;4
648;Fécula de batata;1 colher de sopa cheia;20;66;16
649;Feijão comum cozido (50% caldo);1 colher de sopa;17;12;3
650;"Feijão comum
cozido (50% caldo)";"1 colher de
sopa";17;12;3
651;Feijão-branco (cozido);1 colher de sopa;31;40;8
652;"Feijão-branco
(cozido)";"1 colher de
sopa";31;40;8
653;Feijão-preto cozido (50% caldo);1 colher de sopa;17;10;2
654;"Feijão-preto cozido
(50% caldo)";"1 colher de
sopa";17;10;2
655;Fettuccine tradicional;1 pegador;110;150;24
656;Figo cristalizado;1 unidade média;30;86;22
657;Figo em calda;1 unidade pequena;20;38;10
658;Figo fresco;1 unidade grande;55;32;8
659;Filé de boi a rolê;1 pedaço;100;179;3
660;"Filé de boi ao
molho madeira";1 pedaço;180;227;12
661;"Filé de boi
acebolado";1 pedaço;90;175;3
662;Flan baunilha;1 potinho;100;93;15
663;Flan baunilha diet;1 potinho;100;50;7
664;Flocos de arroz;1 colher de sopa cheia;14;49;11
665;Flocos de aveia;1 colher de sopa cheia;15;9;2
666;"Flocos de milho com açúcar
mascavo Mãe Terra®";1 colher de sopa cheia;15;59;13
667;Flocos de milho Milharina®;1 colher de sopa cheia;20;68;15
668;Focaccia;1 fatia média;50;136;22
669;Folhado (salgado);1 unidade grande;40;109;9
670;Framboesa;1 unidade média;15;8;2
671;Franfile (Bob’s®);1 unidade méda;218;485;35
672;"Frango assado asa
com pele";"1 unidade
média";40;49;0
673;"Frango assado coxa
com pele";"1 unidade
média";40;49;0
674;"Frango assado
sobrecoxa com pele";"1 unidade
média";65;79;0
675;"Frango inteiro
assado ou cozido
sem pele (pedaços)";1 porção;100;180;0
676;Frango xadrez;1 porção;100;150;6
677;"Frango, coxa cozida
sem pele";1 unidade;100;167;0
678;"Frango, coxa
assada com pele";1 unidade;100;215;0
679;"Frango, filé à
milanesa";"1 unidade
média";100;311;15
680;"Frango, peito sem
pele cozido, assado
ou grelhado";"1 unidade
grande";100;160;0
681;Frozen Margarita;1 copo duplo;240;218;12
682;Fruta-do-conde/Ata;1 unidade média;60;53;13
683;Fruta-pão;1 unidade;100;96;24
684;Frutas cristalizadas (média);1 colher de sopa;20;115;16
685;"Frutas cristalizadas
(industrializadas)";1 colher de sopa cheia;15;48;12
686;Fubá;1 colher de sopa;20;72;15
687;Funghi;1 colher de sopa cheia;20;71;10
688;Galeto assado;"^{1} /_{4} da
unidade";95;115;0
689;Gelatina (média);1 potinho;100;62;13
690;Gelatina diet (média);1 potinho;100;9;0
691;"Geleia de abacaxi com hortelã
diet Hué®";1 colher de sopa;20;8;2
692;Geleia de amora;1 colher de sopa;40;93;23
693;Geleia de damasco diet Hué®;1 colher de sopa;20;17;5
694;Geleia de framboesa;1 colher de sopa;34;97;24
695;Geleia de frutas (média);1 colher de sopa;30;74;18
696;Geleia de frutas diet (média);1 colher de sopa;25;25;8
697;Geleia de goiaba Diet Hué®;1 colher de sopa;25;8;2
698;Geleia de mocotó;1 colher de sopa;40;64;12
699;"Gema de ovo
cozida";1 unidade;15;51;0
700;Gemada sem leite;"1 colher de
sopa";15;32;5
701;Gengibre (raiz fresca);1 pedaço pequeno;10;8;2
702;Gergelim;1 colher de sopa;15;90;2
703;Germe de trigo;1 colher de sopa;10;34;4
704;Gin;1 dose;55;150;22
705;Glucose de milho;1 colher de sopa;15;43;11
706;Goiaba (média);1 unidade pequena;100;54;13
707;Goiabada;1 fatia pequena;40;109;27
708;Goiabada diet;1 fatia;40;56;17
709;Goiabada diet Flormel®;1 tablete;25;79;19
710;"Goiabada diet Flormel®
(cremosa)";1 colher de sopa;20;39;10
711;Goma de tapioca;1 colher de sopa;20;46;11
712;Gran Picanha (Bob’s®);1 unidade pequena;253;663;40
713;"Granola frutas e mel sem açúcar
Mãe Terra®";^{3} /_{4} xícara de chá;40;154;26
714;"Granola premium com grãos
Vitao®";½ xícara de chá;40;160;25
715;Granola sem açúcar;1 colher de sopa;11;42;8
716;"Granola tradicional light
Mãe Terra®";^{3} /_{4} xícara de chá;40;152;26
717;Granola tradicional Mãe Terra®;3 / _{4} xícara de chá;40;156;28
718;"Granola tradicional zero açúcar
Vitao®";^{3} /_{4} xícara de chá;30;114;19
719;Grão-de-bico;1 xícara de;80;277;33
720;Grão-de-bico (Talharim Ceres);1 xícara de chá;80;277;33
721;Grão-de-bico cozido (drenado);1 colher de sopa;22;25;5
722;"Grão-de-bico
cozido (drenado)";"5 colheres
de sopa";110;115;21
723;Graviola;1 porção;100;66;17
724;Graviola (polpa) congelada;1 saquinho;100;38;10
725;Guariroba;1 colher de sopa cheia;15;10;2
726;Guariroba refogada;1 colher de sopa cheia;30;11;0
727;Hambúrguer (Burguer King®);1 unidade;124;297;31
728;"Hambúrguer bovino
grelhado (média)";1 unidade;80;150;3
729;"Hámburguer de
frango grelhado
(média)";1 unidade;80;155;2
730;"Hamburguer
vegetal (grão de
bico)";1 unidade;70;125;10
731;"Hamburguer
vegetal (soja)";1 unidade;70;125;9
732;Hambúrguer® (McDonald’s®);1 unidade;;248;31
733;Homus;1 colher se sopa cheia;30;94;14
734;Hortelã;1 colher de sopa cheia;10;4;0
735;Inhame cozido (picado);1 colher de sopa cheia;35;37;8
736;Jabuticaba;1 unidade;5;2;1
737;Jaca;1 bago médio;12;10;3
738;Jambo;1 unidade média;40;22;5
739;Jamelão;1 unidade média;10;4;1
740;Jiló refogado;1 colher de servir rasa;60;31;5
741;Joelho de porco;1 porção;100;280;0
742;"Kasespatzle (macarrão com
queijo)";1 pegador;130;198;20
743;King Duplo (Burguer King®);1 unidade;212;518;31
744;Kiwi;1 unidade média;76;46;11
745;Laranja;1 unidade média;100;47;12
746;Laranja (com bagaço);1 unidade grande;180;84;21
747;Lasanha;1 pedaço médio;170;335;27
748;Lasanha quatro queijos;1 pedaço médio;190;321;22
749;"Legumitos Fit Food® (média
sabores)";1 ½ xícara de chá;25;95;12
750;Leite condensado;1 colher de sopa;15;49;8
751;Leite condensado desnatado;1 colher de sopa;15;42;9
752;Leite condensado diet;1 colher de sopa;15;41;7
753;Leite condensado diet Hué®;1 colher de sopa;20;39;5
754;Lentilha (drenada);"1 colher de
sopa";27;26;5
755;Lentilha cozida (drenada);1 colher de sopa;27;26;5
756;Levedo de cerveja Mãe Terra®;1 colher de chá;3;10;1
757;Lichia;1 unidade;10;7;2
758;Licor;1 dose;30;103;8
759;Lima (laranja);1 unidade média;90;41;10
760;Limão;1 unidade;100;32;9
761;Limonada sem açúcar;1 copo;200;10;3
762;"Língua de boi
cozida";"1 fatia
média";30;71;0
763;Linguiça calabresa;1 gomo;60;192;0
764;Linguiça de frango;1 gomo;60;142;0
765;Linguiça vaca/porco;1 gomo;60;230;0
766;Linhaça (semente);1 colher de sopa;15;67;2
767;Lula cozida;"1 unidade
média";80;74;0
768;M&M’s amendoim®;"1 embalagem
pequena";49;250;30
769;M&M’s chocolate®;"1 embalagem
pequena";49;240;34
770;M&M’s chocolate® (mini);1 mini tubo;30;150;21
771;Maçã;1 unidade pequena;80;47;12
772;Macadâmia;1 porção;30;225;4
773;Macarrão à bolonhesa;1 pegador;110;136;22
774;Macarrão ao alho e óleo;1 pegador;110;241;22
775;Macarrão ao molho branco;1 pegador;110;171;27
776;Macarrão ao sugo;1 pegador;110;112;24
777;"Macarrão com queijo
instântaneo Maggi®";1 unidade comercial;80;370;50
778;Macarrão Cup Noodles® (média);1 unidade comercial;70;309;42
779;Macarrão de milho Tivva®;1 xícara de chá;80;283;67
780;Macarrão integral cozido;1 colher de servir;50;61;13
781;Macarrão integral cozido;"1 colher escumadeira
cheia";110;135;29
782;Macarrão mini fusilli Barrila®;1 prato;80;280;59
783;"Macarrão Nissin Miojo® Lámen
(média)";1 unidade comercial;85;360;49
784;Macarrão simples cozido;1 colher de sopa;35;38;8
785;Macarrão simples cozido;1 pegador;110;119;24
786;Maionese;"1 colher de
sopa rasa";8;72;0
787;Maionese light;"1 colher
de sopa
cheia";12;20;1
788;Maisena®;1 colher de sopa cheia;20;70;17
789;Mamão-formosa;1 fatia média;160;62;16
790;Mamão-papaia;½ unidade pequena;160;62;16
791;Mamão-papaia;1 colher de sopa cheia;40;14;3
792;Mandioca cozida;1 pedaço médio;60;74;18
793;"Mandioca/Macaxeira cozida
(picada)";1 colher de sopa;30;37;9
794;Mandioca/Macaxeira frita;1 pedaço médio;80;212;35
795;Mandioquinha cozida (picada);1 colher de sopa;25;20;5
796;Manga;1 unidade média;140;91;22
797;Mangaba;1 unidade média;100;43;10
798;"Manjar branco com ameixa
em calda";1 porção;100;157;30
799;Manjar pronto Royal®;1 porção;100;109;20
800;Manteiga;"1 colher de
chá rasa";4;31;0
801;Manteiga light;"1 colher de
sopa";10;44;1
802;Maracujá;1 unidade média;45;31;6
803;Margarina;"1 colher de
chá rasa";4;21;0
804;Margarina light;"1 colher de
sopa";10;34;0
805;Margarita;1 copo duplo;240;168;11
806;Maria mole Nutrimental®;1 porção;44;165;29
807;Marmelada;1 fatia pequena;40;100;26
808;Marrom-glacê;1 fatia media;60;149;35
809;Marshmallow;1 colher de sopa;10;40;9
810;Martini;1 taça pequena;50;135;19
811;Massa de panqueca;1 unidade pequena;30;50;10
812;"Massa de pizza 7 grãos
Wickbold®";1 unidade;40;115;20
813;"Massa de rigatone com legumes
e queijo branco";1 colher de sevir;75;122;16
814;"Massa fresca de pizza brotinho
(média)";1 unidade;40;126;23
815;Mc Casquinha®;1 unidade;-;200;32
816;Mc Chicken®;1 unidade;;404;36
817;Mc Colosso®;1 unidade;137;274;47
818;Mc Duplo®;1 unidade;;333;31
819;Mc Fish®;1 unidade;;338;37
820;Mc Fritas grande®;1 pacote;;376;44
821;Mc Fritas Kids®;1 pacote;;98;12
822;Mc Fritas média®;1 pacote;;319;38
823;Mc Fritas pequena®;1 pacote;;203;24
824;Mc Nuggets®;4 unidades;66;179;11
825;Mc Nuggets®;1 unidade;;41;3
826;Mc Picanha®;1 unidade;;1206;59
827;Mc Sundae caramelo®;1 unidade;154;288;53
828;Mc Sundae chocolate®;1 unidade;151;279;45
829;Mc Sundae morango®;1 unidade;150;227;43
830;Mc Top Sundae chocolate®;1 unidade;-;475;65
831;Mc Torta de banana®;1 unidade;-;224;33
832;Mc Torta de maçã®;1 unidade;84;252;28
833;Mc Veggie®;1 unidade;;559;59
834;McFlurry M&M’s®;1 unidade;-;344;49
835;McNífico Bacon®;1 unidade;;571;34
836;McShake Kopenhagen®;1 copo pequeno;300;502;73
837;McShake morango®;1 copo pequeno;300;379;65
838;"Mega Picanha Bacon
(Habib’s®)";1 unidade;280;830;25
839;Mega Stacker (Burguer King®);1 unidade;713;1924;48
840;"Mega Stacker 2.0 (Burguer
King®)";1 unidade;407;1100;43
841;"Mega Stacker 3.0 (Burguer
King®)";1 unidade;560;1512;46
842;Mel;1 colher de sopa;15;47;12
843;Mel;1 sachê pequeno;4;12;3
844;Melancia;1 fatia média;200;50;12
845;Melão;1 fatia grande;115;34;8
846;Melão Cantalupo;1 fatia grande;100;32;7
847;Merengue;1 colher de sopa;25;95;23
848;Mexerica/Bergamota;1 unidade média;135;50;13
849;"Mexicanitos Multigrãos Tortilhas
Fhom ®";1 xícara de chá;25;137;16
850;Mexilhão cozido;"1 xícara de
chá";100;77;0
851;Milho verde (conserva);1 colher de sopa cheia;24;23;5
852;Milho verde (espiga);1 espiga grande;100;138;30
853;"Milho verde com manteiga
(espiga)";1 espiga grande;100;233;30
854;Milk shake (média);1 copo pequeno;300;336;54
855;"Milk shake clássico de chocolate
(Bob’s®)";1 copo grande;700;846;177
856;"Milk shake clássico de morango
(Bob’s®)";1 copo grande;700;734;136
857;"Milk shake crocante banana
caramelada (Bob’s®)";1 copo pequeno;300;408;75
858;"Milk shake crocante de
ovomaltine (Bob’s®)";1 copo grande;700;852;157
859;"Milk shake crocante
(Burguer King®)";1 copo pequeno;300;500;96
860;Milk shake de baunilha;1 copo pequeno;290;330;51
861;Milk shake de chocolate;1 copo;290;350;61
862;"Milk shake de maracujá
(Bob’s®)";1 copo grande;700;629;103
863;"Milk shake de morango
(Burguer King®)";1 copo pequeno;300;371;70
864;Mini Bib’s Burger (Habib’s®);1 unidade;105;288;12
865;Mini Kibe Cremely(Habib’s®);1 unidade;45;100;8
866;Mini McFlurry M&M’s;1 unidade;86;172;24
867;Mirtilo (Blueberry);1 pote médio;100;57;14
868;Misto quente;1 unidade;100;289;21
869;Mix 7 grãos Quacker®;½ xícara de chá;40;137;22
870;"Mix sem glúten para pão
Vitao®";"1 fatia de massa
pronta – 50g";27;96;22
871;Moela;"1 colher
de sopa
cheia";25;29;0
872;Mojito;1 copo duplo;240;217;25
873;Morango;1 unidade grande;20;6;1
874;Mortadela;"1 fatia
média";20;53;3
875;Mortadela light;"1 fatia
média";30;69;1
876;Mostarda cozida (folha);1 colher de sopa cheia;45;12;2
877;Mousse de chocolate;1 colher de sopa;25;79;8
878;Mousse de maracujá;1 colher de sopa;35;100;11
879;Mucilon® Cereal Infantil de arroz;3 colheres de sopa;21;78;18
880;"Mucilon® Cereal Infantil de
milho";3 colheres de sopa;21;79;18
881;Muffin (média);1 unidade;30;121;17
882;Muffin de banana Suavipan®;1 unidade comercial;40;141;20
883;Nabo cozido (picado);1 colher de sopa cheia;18;5;1
884;Nectarina;1 unidade média;100;49;12
885;Nêspera;1 unidade grande;40;20;4
886;Nesquik® em pó;1 colher de sopa;16;61;13
887;Nhoque de batata cozido;1 colher de sopa cheia;30;55;11
888;Novomilk® chocolate em pó;1 colher de sopa;15;64;10
889;Nozes;1 unidade;5;35;1
890;Nuggets®;1 unidade;26;64;4
891;Nutella®;1 colher de sopa;20;106;11
892;Óleo de babaçu;"1 colher de
sobremesa";5;45;0
893;Óleo de canola;"1 colher de
sobremesa";5;45;0
894;Óleo de coco;"1 colher de
sopa";10;89;0
895;Óleo de girassol;"1 colher de
sobremesa";5;45;0
896;Óleo de linhaça;"1 colher de
sopa";13;120;0
897;Óleo de milho;"1 colher de
sobremesa";5;45;0
898;Óleo de pequi;"1 colher de
sobremesa";8;72;0
899;Óleo de soja;"1 colher de
sobremesa";5;45;0
900;"Óleo vegetal
(média)";"1 colher de
sopa";14;120;0
901;Omelete simples;"1 unidade
(1 ovo)";65;111;0
902;"Onion Rings grande (Burguer
King®)";1 unidade;130;455;52
903;"Onion Rings média (Burguer
King®)";1 unidade;91;319;36
904;Ovo cozido;1 unidade;45;67;0
905;Ovo de codorna;1 unidade;10;16;0
906;Ovo de páscoa (média);1 pedaço médio;25;134;15
907;Ovo frito;1 unidade;50;105;0
908;Ovo mexido;"1 colher de
sopa";15;35;0
909;Ovomaltine®;1 colher de sopa;14;55;11
910;Paçoca diet Airon®;1 unidade;20;79;7
911;Paçoquinha;1 unidade;30;115;20
912;Paçoquinha zero Hué®;1 unidade;25;129;10
913;Paçoquita diet Santa Helena®;1 unidade;22;115;10
914;Palmito (conserva);1 colher de sopa cheia;15;3;1
915;Pamonha;1 unidade grande;160;413;69
916;Pamonha doce;1 unidade grande;130;335;47
917;Pamonha doce;1 unidade pequena;130;335;47
918;Panetone (média);1 fatia grande;60;216;33
919;Panetone diet (média);1 fatia grande;60;150;28
920;Panetone frutas (média);1 fatia pequena;25;88;14
921;"Panqueca mistura integral
Vitalin®";3 colheres de sopa;30;105;23
922;Panqueca simples;1 unidade média;80;130;12
923;Pão Alemão integral Wickbold®;½ unidade;50;99;17
924;"Pão Australiano integral
Wickbold®";1 fatia média;17;43;9
925;Pão ciabatta;1 fatia grande;50;125;24
926;Pão colonial italiano;1 fatia grande;50;128;27
927;Pão com queijo quente;1 unidade média;85;300;33
928;"Pão de aveia e linhaça Estar
Bem Wickbold®";1 fatia média;25;61;10
929;Pão de batata;1 unidade média;50;137;29
930;Pão de cachorro-quente;1 unidade;55;150;29
931;Pão de centeio integral;1 pedaço médio;50;116;23
932;Pão de forma branco (média);1 fatia média;25;70;14
933;Pão de forma de aveia (média);1 fatia média;25;59;11
934;Pão de forma de centeio (média);1 fatia média;27;75;13
935;"Pão de forma Estar Bem
Wickbold®";1 fatia média;20;49;9
936;Pão de forma integral (média);1 fatia média;25;58;11
937;"Pão de forma integral Grão
Sabor Wickbold®";1 fatia grande;31;83;13
938;"Pão de forma integral preto
Seven Boys®";1 fatia média;17;39;7
939;Pão de forma light (média);1 fatia média;25;50;9
940;"Pão de forma light 12 grãos
Pullman®";1 fatia média;20;48;6
941;"Pão de forma light 7 grãos
Pullman®";1 fatia média;25;52;7
942;"Pão de forma light integral
Wickbold®";1 fatia média;25;55;10
943;"Pão de grãos mistura integral
Vitalin®";3 colheres de sopa;30;101;22
944;Pão de hambúrguer;1 unidade média;70;188;40
945;Pão de leite;1 unidade;54;149;30
946;Pão de mel;1 unidade média;15;76;13
947;Pão de mel com chocolate Pan®;1 unidade;15;65;10
948;Pão de milho caseiro;1 fatia média;70;200;43
949;"Pão de milho com 50% de
farinha de trigo";1 fatia média;70;204;42
950;Pão de milho industrializado;1 fatia média;70;201;43
951;Pão de passas (média);1 unidade média;50;136;26
952;Pão de queijo;1 unidade grande;40;109;14
953;Pão de queijo;1 unidade pequena;20;87;9
954;Pão de queijo coquetel;1 unidade;10;27;4
955;"Pão de queijo light Forno de
Minas®";1 unidade média;27;55;9
956;Pão de quinua light Sonda®;1 unidade média;53;158;33
957;"Pão de sanduíche light Seven
Boys®";1 fatia média;25;60;12
958;Pão doce/careca;1 unidade;50;134;28
959;Pão francês;1 unidade;50;135;28
960;Pão frânces (sem miolo);1 unidade;35;100;20
961;Pão francês integral;1 unidade;50;127;25
962;Pão italiano;1 fatia grande;50;136;25
963;Pão sírio integral Pita Bread®;1 unidade média;58;144;31
964;Pão sírio Pita Bread®;1 unidade média;53;158;33
965;Pão sovado;1 fatia média;50;155;31
966;Pasta de amendoim;"1 colher de
sopa";15;88;3
967;Pastel (festa);1 unidade pequena;8;26;3
968;Pastel (média);1 unidade média;32;102;11
969;Patê (média);"1 colher de
chá";8;17;0
970;Pavê de amendoim;1 colher de sopa;37;120;9
971;Pavê de chocolate;1 colher de sopa;35;63;7
972;Pavê de fruta;1 colher de sopa;25;82;7
973;Pé-de-moleque;1 pedaço pequeno;17;88;10
974;Pé-de-moleque diet Flormel®;1 tablete;25;115;8
975;Pé-de-moleque diet Hué®;1 tablete;25;112;10
976;"Peito de peru
defumado";"1 fatia
média";20;24;0
977;Peixe ensopado;1 porção;120;156;2
978;Peixe frito;1 porção;120;437;4
979;Peixe grelhado;"1 posta ou
1 filé";100;180;0
980;Peixe na telha;"1 posta
média";230;262;7
981;"Peixe, filé à
milanesa";"1 unidade
média";115;305;17
982;Peixe, filé grelhado;"1 unidade
média";120;117;0
983;Pepino cru;1 unidade pequena;50;5;1
984;Pepino cru (fatiado);1 fatia pequena;3;1;0
985;Pepino picles (conserva);1 /_{4} xícara de chá;50;12;2
986;Pequi refogado;4 unidades médias;70;143;9
987;Pera;1 unidade média;100;53;14
988;"Peru carne branca
assada";1 pedaço;100;158;0
989;Pêssego;1 unidade média;60;36;9
990;Pêssego em caldas;½ unidade;30;25;6
991;Pêssego enlatado em calda;1 metade;47;39;9
992;Pêssego enlatado em calda diet;1 metade;47;11;2
993;Picanha (Burguer King®);1 unidade;403;922;53
994;"Picanha Barbecue Bacon
(Burguer King®)";1 unidade;450;1158;56
995;"Picanha Cheddar Bacon
(Burguer King®)";1 unidade;323;762;36
996;Picanha Goumert (Bob’s®);1 unidade pequena;258;698;43
997;Picolé Chicabon®;1 unidade;63;106;19
998;Picolé Chokito®;1 unidade;61;232;27
999;Picolé de coco La Frutta Nestlé®;1 unidade;58;90;13
1000;Picolé de fruta Kibon®;1 unidade;63;66;16
1001;Picolé Fruttare limão Kibon®;1 unidade;58;51;13
1002;Picolé Mega clássico Nestlé®;1 unidade;77;238;22
1003;Picolé Mega trufas Nestlé®;1 unidade;77;258;27
1004;"Picolé Molico frutas amarelas
zero Nestlé®";1 unidade;66;50;10
1005;"Picolé Molico frutas vermelhas
zero Nestlé®";1 unidade;66;52;10
1006;Picolé Tablito®;1 unidade;63;231;17
1007;Pimentão cru (diversos);1 colher de sopa cheia;13;7;1
1008;Pingo d´Ouro Elma Chips®;1 pacotinho;30;155;17
1009;Pinha;1 unidade pequena;60;41;8
1010;Pinhão (cozido);1 porção;30;175;13
1011;Pinhão cozido;1 unidade média;10;25;5
1012;Pipoca diet Maroca®;1 pacote;29;108;25
1013;Pipoca doce;1 saco médio;20;95;20
1014;Pipoca doce;1 xícara de chá;25;95;22
1015;Pipoca doce industrializada;1 pacote;20;71;17
1016;Pipoca salgada;"1 saco pequeno ou
1 xícara";15;67;11
1017;Pipoquita doce de arroz Vitao®;1 xícara de chá;25;94;21
1018;Pirulito comum;1 unidade;20;74;19
1019;Pirulito de coração;1 unidade;10;45;11
1020;"Pirulito diet Well® (sabor
morango)";1 unidade;8;19;8
1021;Pistache;1 colher de sopa;15;90;4
1022;Pitanga;½ xícara de chá;35;14;3
1023;Pitanga;1 unidade;15;7;1
1024;Pitanga (polpa) congelada;1 saquinho;100;19;5
1025;Pitaya;1 unidade;200;84;14
1026;Pizza de calabresa;1 fatia grande;135;256;35
1027;Pizza de frango com catupiry;1 fatia grande;130;249;35
1028;Pizza de muçarela;1 fatia grande;130;249;23
1029;"Pizza de muçarela de bufala,
rúcula tomate seco";1 fatia grande;130;238;22
1030;Pizza de rúcula;1 fatia grande;120;200;24
1031;Pizza massa fina (média);1 fatia grande;120;208;22
1032;Pizza portuguesa;1 fatia grande;125;309;28
1033;Pizza quatro queijos;1 fatia grande;120;272;34
1034;Pizza romeu e julieta;1 fatia;100;272;39
1035;Polvilho doce/azedo;1 colher de sopa;15;20;5
1036;Presunto de peru;1 fatia;20;21;0
1037;Presunto de porco;1 fatia;20;36;0
1038;Presunto magro;1 fatia;25;35;0
1039;"Pringles®
(salgadinho de batata)";14 unidades;25;134;14
1040;Proteína texturizada de soja;½ xícara de chá;50;139;10
1041;"Proteina texturizada de soja
Jasmile®";½ xícara de chá;50;144;10
1042;Psylium Vitao®;1 colher de sopa;10;32;8
1043;Pudim chocolate diet Dr.Oetker ®;1 colher de sopa;7;22;4
1044;Pudim de Baunilha Dr.Oetker ®;1 colher de sopa;11;41;10
1045;Pudim industrializado diet;1 colher de sopa;40;19;4
1046;Pudim leite condensado;1 colher de sopa cheia;50;108;17
1047;"Pudim morango diet
Doce Menor®";1 colher de sopa;6;21;5
1048;Pupunha;1 unidade média;25;41;5
1049;Quarteirão® (McDonald’s®);1 unidade;;528;33
1050;Queijadinha de coco;1 unidade média;35;72;9
1051;"Queijo cheddar
cremoso";"1 colher de
sopa";30;48;0
1052;Queijo cottage;"2 colheres
de sopa";50;45;1
1053;"Queijo minas
frescal";"1 fatia
média";30;72;0
1054;"Queijo minas
frescal light";"1 fatia
média";30;48;0
1055;Queijo muçarela;"1 fatia
média";20;64;0
1056;"Queijo parmesão
ralado";"1 colher de
sopa";5;23;0
1057;Queijo prato;1 fatia;20;71;0
1058;Queijo ricota;"1 fatia
média";40;56;0
1059;Quentão;½ copo;100;294;34
1060;Quiabo cozido;1 colher de sopa cheia;40;15;3
1061;Quibe frito;1 unidade média;50;127;6
1062;Quibe frito (festa);1 unidade pequeno;12;31;2
1063;Quindim;1 unidade pequena;20;64;8
1064;Quinoa (grão);1 colher sopa cheia;25;88;16
1065;Quinoa (grão);"1 colher
sopa cheia";25;88;16
1066;Quinoa grão;1 colher sopa cheia;25;88;16
1067;Rã (perna);1 porção;100;73;0
1068;Rabanada;1 unidade média;60;249;48
1069;Rabanete cru;1 unidade média;60;7;2
1070;Rap fit Pullman®;1 unidade;40;97;19
1071;Rap integral Pullman®;1 unidade;40;114;18
1072;Rap tradicional Pullman®;1 unidade;40;118;20
1073;Rapadura;1 pedaço médio;55;194;48
1074;Ravióli de carne;1 escumadeira;50;141;25
1075;Ravióli de queijo;1 escumadeira;50;149;19
1076;Refresco comum com açúcar;1 copo;200;56;14
1077;Refresco diet Clight®;1 copo;200;5;0
1078;Refrigerante comum (média);1 copo;200;88;22
1079;Refrigerante diet (média);1 copo;200;1;0
1080;"Refrigerante diet
Schweppes Citrus®";1 copo;200;7;1
1081;Refrigerante H2O®;1 copo;200;0;0
1082;Refrigerante Schweppes Citrus®;1 copo;200;93;24
1083;Repolho cozido;1 colher de sopa cheia;10;2;0
1084;Repolho cru (picado);1 colher de sopa cheia;10;2;0
1085;Requeijão cremoso;"1 colher de
sobremesa";15;40;0
1086;"Requeijão cremoso
light";"1 colher de
sobremesa";15;28;0
1087;Risole;1 unidade média;35;145;14
1088;Risoto simples;1 colher de sopa cheia;25;41;5
1089;Rocambole Pullman®;1 pedaço médio;80;294;48
1090;Rodeio™® (Burguer King®);1 unidade;162;398;40
1091;Roll cake de chocolate;1 unidade;38;143;22
1092;Romã;1 unidade pequena;50;28;7
1093;Rosbife;1 pedaço;100;120;0
1094;Rosquinha de leite;1 unidade;7;27;4
1095;Rúcula crua;1 prato de sobremesa;100;17;2
1096;Ruffles®;1 pacote pequeno;30;169;14
1097;Rum;1 dose;50;108;0
1098;Sagu em vinho;1 colher de sopa;20;29;6
1099;"Salada à moda da casa
kani Marietta®";1 porção grande;350;426;35
1100;Salada Agadir;1 porção;100;167;3
1101;Salada Almanara®;1 porção;100;293;12
1102;Salada ceasar Marietta®;1 porção grande;350;538;27
1103;Salada ceaser (média);1 porção;180;152;12
1104;Salada de atum Marietta®;1 porção;350;205;10
1105;Salada de batata com maionese;1 colher de sopa cheia;38;58;7
1106;Salada de frutas;1 copo pequeno cheio;150;81;22
1107;Salada de frutas;1 colher de sopa cheia;20;10;3
1108;"Salada de legumes com
maionese";1 colher de sopa cheia;35;34;5
1109;Salada de legumes simples;1 colher de sopa cheia;30;25;4
1110;Salada tropical (média);1 porção;180;75;15
1111;Salada verde;1 prato de sobremesa;125;65;2
1112;Salame;"1 fatia
média";20;50;0
1113;Salgadinho de soja Jasmine®;1 colher de sopa cheia;20;98;4
1114;"Salgadinhos sortidos Marilan®
(média)";13 unidades;20;136;19
1115;Salsa;1 colher de sopa cheia;15;5;1
1116;Salsão;1 colher de sopa cheia;15;3;0
1117;Sanduíche americano;1 unidade média;190;278;28
1118;Sanduíche de atum;1 unidade;120;372;33
1119;Sanduíche de calabresa;1 unidade;120;303;18
1120;Sanduíche de frango;1 unidade méda;120;299;33
1121;Sanduíche de mortadela;1 unidade;90;284;30
1122;Sanduíche de pernil;1 unidade;120;241;17
1123;Sanduíche de presunto;1 unidade;90;207;17
1124;Sanduíche de queijo minas;1 unidade;120;395;37
1125;"Sanduíche de queijo prato
com presunto";1 unidade;90;239;16
1126;Sanduíche natural;1 unidade média;120;265;29
1127;Sanduíche natural de atum;1 unidade média;120;296;20
1128;Sanduíche natural de frango;1 unidade média;120;288;21
1129;Sapoti;1 unidade pequena;60;53;16
1130;Saquê;1 dose;50;63;3
1131;Seleta de legumes (média);1 colher de sopa cheia;30;25;4
1132;Semente de chia;1 colher de sopa;15;80;7
1133;Semente de girassol Vida Boa®;1 colher de sopa;15;79;2
1134;Semolina cozida;1 pedaço médio;100;370;49
1135;Sequilhos Seven Boys®;1 unidade;3;14;3
1136;Smirnoff ice;1 garrafinha;275;190;47
1137;"Snack de soja ervas finas Good
Soy®";1 pacote comercial;25;95;15
1138;Snack Wrap Chicken Cheese®;1 unidade;128;328;31
1139;Snack Wrap Ranch®;1 unidade;117;280;32
1140;"Snacks integrais Vitao ervas
finas®";2 xícara de chá;25;104;14
1141;Snacks integrais Vitao queijo®;2 xícara de chá;25;103;14
1142;Snacks integral Vitao® (média);2 xícaras de chá;25;109;15
1143;Soja (hambúrguer);1 unidade;50;36;4
1144;Soja cozida (grão);1 colher de sopa;18;22;2
1145;Soja em pasta (missô);1 colher sopa rasa;20;30;3
1146;Soja torrada (grão);1 colher sopa cheia;16;68;5
1147;Sorvete (média);1 bola média;60;161;19
1148;Sorvete diet (média);1 bola média;60;62;10
1149;Sorvete light (média);1 bola média;60;62;10
1150;"Sorvete Molico napolitano diet
Nestlé®";1 bola média;60;60;10
1151;"Sorvete Molico Yogo Natural
diet Nestlé®";1 bola média;60;36;8
1152;Stacker Triplo (Burguer King®);1 unidade;486;1529;35
1153;Strudel de banana;1 fatia média;100;309;56
1154;Strudel de maçã;1 pedaço médio;30;131;19
1155;"Submway Frango Defumado
com Cream Cheese® (sem
queijo/sem molho)";1 unidade (15 cm);232;362;45
1156;"Subway Atum® (sem queijo/
sem molho)";1 unidade (15 cm);232;327;45
1157;"Subway B.M.T. Italiano® (sem
queijo/sem molho)";1 unidade (15 cm);230;415;43
1158;"Subway Beef Bacon Chipotle®
(sem queijo/sem molho)";1 unidade (15 cm);252;423;44
1159;"Subway Beef Barbecue Bacon®
(sem queijo/sem molho)";1 unidade (15 cm);272;417;53
1160;"Subway Carne Supreme® (sem
queijo/sem molho)";1 unidade (15 cm);272;460;50
1161;"Subway Frango com Molho
Barbecue® (sem queijo/sem
molho)";1 unidade (15 cm);237;332;39
1162;"Subway Frango com Molho
Parmesão® (sem queijo/sem
molho)";1 unidade (15 cm);237;301;43
1163;"Subway Frango Desfiado com
Maionese Temperada® (sem
queijo/sem molho)";1 unidade (15 cm);222;632;40
1164;"Subway Frango Empanado com
Cream Cheese® (sem queijo/
sem molho)";1 unidade (15 cm);267;484;51
1165;"Subway Frango Empanado com
Maionese Temperada® (sem
queijo/sem molho)";1 unidade (15 cm);247;572;51
1166;Suco Ades® (média);1 copo;200;88;20
1167;Suco artificial diet;1 copo;200;3;0
1168;Suco comum;1 copo;200;56;14
1169;Suco concentrado da fruta;1 copo;200;14;3
1170;Suco de abacaxi com açúcar;1 copo;200;108;26
1171;Suco de abacaxi sem açúcar;1 copo;200;86;20
1172;Suco de açaí com xarope;1 copo;200;365;60
1173;Suco de açaí sem xarope;1 copo;200;250;46
1174;Suco de acerola com açúcar;1 copo;200;52;12
1175;"Suco de acerola e laranja sem
açúcar";1 copo;200;113;25
1176;Suco de acerola sem açúcar;1 copo;200;25;5
1177;Suco de cajá (polpa congelada);1 copo;200;26;6
1178;Suco de caju (polpa congelada);1 copo;200;37;9
1179;"Suco de caju concentrado
(diluído em água)";1 copo;200;30;7
1180;Suco de graviola sem açúcar;1 copo;200;35;7
1181;"Suco de graviola
(polpa congelada)";1 copo;200;38;10
1182;Suco de groselia;1 copo;200;83;20
1183;"Suco de laranja e cenoura
sem açúcar";1 copo;200;114;26
1184;"Suco de laranja orgânico
(média)";1 copo;200;72;18
1185;Suco de laranja sem açucar;1 copo;200;74;17
1186;Suco de maçã com açúcar;1 copo;200;100;22
1187;Suco de maçã sem açúcar;1 copo;200;42;7
1188;Suco de mamão com açúcar;1 copo;200;76;18
1189;"Suco de mamão com laranja
sem açúcar";1 copo;200;110;26
1190;Suco de manga com açúcar;1 copo;200;80;19
1191;Suco de manga sem açúcar;1 copo;200;48;13
1192;Suco de maracujá com açúcar;1 copo;200;58;14
1193;Suco de maracujá sem açúcar;1 copo;200;45;9
1194;"Suco de maracujá
(polpa congelada)";1 copo;100;39;10
1195;Suco de melancia sem açúcar;1 copo;200;88;19
1196;Suco de melão com açúcar;1 copo;200;68;16
1197;Suco de melão sem açúcar;1 copo;200;33;6
1198;Suco de morango com açúcar;1 copo;200;80;18
1199;Suco de morango sem açúcar;1 copo;200;43;9
1200;Suco de pêssego sem açúcar;1 copo;200;32;7
1201;Suco de tangerina sem açúcar;1 copo;200;86;18
1202;Suco de tomate com açúcar;1 copo;200;121;26
1203;Suco de tomate enlatado;1 copo;200;41;8
1204;Suco de tomate sem açúcar;1 copo;200;48;9
1205;Suco de umbu (polpa congelada);1 copo;200;34;9
1206;"Suco de uva concentrado
(diluído em água)";1 copo;200;116;29
1207;Suco de uva engarrafado;1 copo;200;126;30
1208;Suco de uva integral (média);1 copo;200;140;33
1209;Suco de uva Kapo®;1 unidade;200;106;23
1210;Suco de uva light Tial® (média);1 copo;200;58;15
1211;Suco Del Valle® (média);1 copo;200;112;28
1212;Suco light Ades®;1 copo;200;32;7
1213;Suco light Del Valle® (média);1 copo;200;24;6
1214;Suco light Disfrut® (média);1 copo;200;32;8
1215;Suco light Mais® (média);1 copo;200;32;8
1216;"Suco Maguary® concentrado
(sem açúcar)";1 copo;200;14;3
1217;Suco Mais® (média);1 copo;200;105;26
1218;Suco Mc Laranja®;1 copo pequeno;300;160;34
1219;Suco Tang® (média);1 copo;200;84;21
1220;Sucrilhos®;1 colher de sopa cheia;5;19;5
1221;Sucrilhos®;1 copo pequeno cheio;38;139;35
1222;Sundae Kibon®;1 unidade;145;266;41
1223;Suspiro;1 unidade média;10;38;9
1224;Suspiro diet (Merenguinho®);1 unidade;2;2;1
1225;Taioba (folha);1 colher de sopa;20;7;1
1226;Tâmara seca;1 unidade média;10;28;7
1227;Tamarindo;1 colher de sopa cheia;12;33;9
1228;Tangerina;1 unidade média;135;67;15
1229;Tapioca com coco;1 unidade média;100;298;49
1230;"Tapioca com queijo e coco
ralado";1 unidade média;100;430;62
1231;Tapioca pronta na manteiga;1 unidade;100;174;43
1232;Tempeh;1 fatia;20;40;2
1233;Tequila;1 copo;40;136;19
1234;Toddynho® chocolate;1 unidade;200;185;32
1235;Toddynho® chocolate levinho;1 unidade;200;105;17
1236;Toddynho® chocolate light;1 unidade;200;122;20
1237;Tofu;1 pedaço;30;20;1
1238;Tomate;1 unidade média;70;12;3
1239;Tomate (fatiado);1 fatia média;15;2;0
1240;Tomate cereja;4 unidades pequenas;24;4;1
1241;Tomate extrato (industrializado);1 colher de sopa rasa;15;9;2
1242;Tomate purê (industrializado);1 colher de sopa cheia;20;8;1
1243;Tomate seco (no azeite);1 colher de sopa cheia;25;94;5
1244;"Top Snacks tomate e orégano
Fhom®";1 pacote comercial;25;106;19
1245;"Torrada alho, água e sal Casa
Victoriana®";1 unidade;8;25;5
1246;Torrada de pão de sal (média);1 unidade pequena;10;29;5
1247;Torrada industrializada (média);1 unidade;8;28;6
1248;Torradas (média);1 unidade;8;25;5
1249;"Torradas 100% integral Slim
Toast Fhom®";10 unidades;30;108;20
1250;Torradas aperitivo;1 unidade;2;7;1
1251;"Torradas Slim Toast Fhom®
(média)";21 unidades;30;112;22
1252;"Torta cheesecake
com calda de frutas";1 fatia média;60;148;19
1253;Torta de limão;1 fatia pequena;90;237;34
1254;Torta de maçã;1 fatia média;125;332;46
1255;Torta holandesa;1 fatia pequena;60;181;22
1256;Tortilha de trigo integral;1 unidade;35;92;20
1257;Tremoço (conserva);1 colher de sopa;20;24;3
1258;Trigo (grão);1 colher de sopa cheia;25;70;19
1259;Trigo para kibe;1 colher de sopa cheia;25;83;19
1260;Trufa de chocolate;1 unidade grande;30;140;15
1261;Uísque;1 dose;50;120;0
1262;Umbu;1 unidade média;22;10;2
1263;Umbu (polpa) congelada;1 saquinho;100;34;9
1264;Uva comum (média);10 gomos médios;80;60;10
1265;Uva roxa;1 cacho pequeno;100;79;18
1266;Uva verde ou italiana;1 unidade;8;6;1
1267;Uva-passa;1 colher de sopa cheia;18;55;14
1268;Vagem (conserva);1 colher de sopa cheia;20;5;1
1269;Vagem cozida;1 colher de sopa cheia;20;8;2
1270;Vagem crua;1 colher de sopa cheia;20;4;1
1271;Veggie Chips de grão de bico;1 ½ xícara de chá;25;95;16
1272;Vinho branco seco;1 taça;80;53;0
1273;Vinho branco suave;1 taça;80;70;10
1274;Vinho rosé;1 taça;80;57;1
1275;Vinho tinto seco;1 taça;80;58;1
1276;Vitalin®;;;;
1277;"Vitamina de leite/fruta
(com açúcar)";1 copo;200;133;22
1278;"Vitamina de leite/fruta
(sem açúcar)";1 copo;200;105;15
1279;Vodka;1 dose;40;93;0
1280;Wrap 100% integral Wickbold®;1 unidade;30;75;13
1281;Wrap tradicional Wickbold®;1 unidade;30;80;15
1282;Xylitol;1 colher de chá;3;8;3
1283;Yogoberry comum;"1 porção
(1 bola grande)";100;88;17
1284;Yogoberry diet;"1 porção
(1 bola grande)";100;60;7
