ALIMENTO;MEDIDA CASEIRA;PESO (g/ml);Kcal;CHO (g)
3 Corações®;;;;
Abacate;^{1} /_{4} unidade pequena;92;161;7
Abacate (picado);1 colher de sopa cheia;45;79;3
Abacaxi;1 fatia média;75;44;10
Abacaxi (polpa) congelada;1 saquinho;100;31;8
"Abacaxi com coco diet
Flormel®";1 tablete;25;113;19
Abacaxi em calda;1 fatia média;64;78;19
Abacaxi em caldas;1 fatia média;64;78;19
Abóbora cabotiá cozida;1 colher de sopa cheia;36;14;3
"Abóbora com coco diet
Flormel® cremoso";1 colher de sopa;20;36;7
"Abóbora com coco diet
Flormel® tablete";1 tablete;25;102;16
Abóbora-d’água cozida (picada);1 colher de sopa cheia;36;10;0
"Abóbora-moranga cozida
(picada)";1 colher de sopa cheia;36;7;1
"Abobrinha italiana cozida
(picada)";1 colher de sopa;20;3;0
Abobrinha italiana crua (picada);1 colher de sopa;20;4;1
"Abobrinha paulista crua
(picada)";1 colher de sopa;20;6;2
"Açaí (polpa) com xarope de
guaraná e glicose";1 pote médio;200;220;43
Açaí (polpa) congelada;1 pote pequeno;100;58;6
Açaí com xarope (suco);1 copo duplo;240;438;72
Açaí natural Frooty®;"6 colheres de sopa
rasas";60;62;13
Acelga (picada);1 colher de sopa cheia;6;2;0
Acerola;1 unidade pequena;12;4;1
Acerola (polpa) congelada;1 saquinho;100;22;6
Achocolatado (média);1 colher de sopa;16;113;14
Achocolatado (média);1 colher de sopa;16;113;14
Achocolatado Chocoki®;1 colher de sopa;8;13;5
Achocolatado diet Gold®;1 colher de sopa;5;16;3
Achocolatado diet Gold®;1 colher de sopa;5;16;3
Achocolatado diet Linea®;1 colher de sopa;12;30;5
Achocolatado diet Tal & Qual®;1 colher de sopa;5;15;3
Achocolatado diet Tal & Qual®;1 colher de sopa;5;15;3
Achocolatado light Nescau®;1 colher de sopa;9;32;7
Achocolatado light Nescau®;1 colher de sopa;9;32;7
Achocolatado light Taeq®;1 colher de sopa;10;34;7
Achocolatado light Taeq®;1 colher de sopa;10;34;7
Achocolatado light Toddy®;1 colher de sopa;10;37;8
Achocolatado light Toddy®;1 colher de sopa;10;37;8
Achocolatado Nescau®;1 colher de sopa;10;37;9
Achocolatado Nescau®;1 colher de sopa;10;37;9
Achocolatado Toddy®;1 colher de sopa;10;40;9
Achocolatado Toddy®;1 colher de sopa;10;40;9
Açúcar branco refinado;1 colher de sopa cheia;30;116;30
Açúcar cristal;1 colher de sopa;24;93;24
Açúcar light;1 colher de chá;4;16;4
Açúcar mascavo;1 colher de sopa rasa;11;41;11
Adoçante Tal e Qual® (em pó);1 colher de sopa;2;8;2
Agrião (picado);1 colher de sopa cheia;7;2;0
Agrião refogado;1 colher de sopa cheia;25;19;1
Água de coco Do Bem®;1 copo;200;43;11
Água de coco Kero coco®;1 copo;200;40;10
Água de coco Sococo®;1 copo;200;44;11
Água de coco verde;1 copo;200;36;8
Água tônica Antarctica®;1 copo;200;64;16
Água tônica zero Antarctica®;1 copo;200;0;0
Aguardente;1 dose;50;35;5
Aipim cozido (picado);1 colher de sopa cheia;37;44;22
Aipim frito;1 pedaço médio;70;211;35
Aipo cru (picado);1 colher de sopa rasa;10;2;0
Alcachofra cozida;1 pedaço médio;20;6;1
Alcaparra;1 colher de sopa cheia;27;10;1
Alface americana crua;1 folha média;10;1;0
Alface crua (média);1 prato de sobremesa;100;3;1
Alface lisa/crespa crua;1 folha média;10;1;0
Alface roxa crua;1 folha média;10;1;0
Alfajor Cacau Show®;1 unidade;40;120;23
Alfajor Havana Chocolate®;1 unidade;55;208;32
"Alfajor recheado com doce
de leite";1 unidade;25;98;15
Alfavaca crua;1 folha média;10;3;0
Algodão-doce;1 unidade;30;116;30
Algodão-doce Mavalério®;1 unidade;35;140;35
Alho;2 dentes pequenos;10;11;3
Alho-poró;1 colher de sopa cheia;20;11;3
All Bran Original Kellogg’s®;½ copo;40;104;18
Almeirão cru (picado);1 colher de sopa cheia;6;1;0
Almeirão refogado;1 colher de sopa cheia;30;20;2
Almôndega de peru;"1 unidade
pequena";25;45;6
"Almôndega de
carne frita";"1 unidade
pequena";30;82;5
"Almôndega de
frango crua";"1 unidade
pequena";45;90;6
Amaranto cru;1 colher de sopa cheia;25;91;16
Amaranto cru;"1 colher
de sopa
cheia";25;91;4
Ambrosia;1 colher de sopa;40;58;10
Ameixa com coco diet Flormel®;1 tablete;25;86;17
Ameixa em calda;1 unidade média;7;20;5
Ameixa preta;1 unidade média;42;18;4
Ameixa preta seca;1 unidade média;5;12;3
Ameixa vermelha;1 unidade média;42;23;5
Amêndoa;10 unidades;30;130;10
Amendocrem®;1 colher de sopa;20;122;6
Amendoim;1 colher de sopa cheia;19;111;4
Amendoim caramelizado;1 pacote pequeno;20;95;14
Amendoim japonês Yoki®;1 colher de sopa;15;75;5
Amendoim torrado;1 colher de sopa cheia;19;118;3
Amido de arroz;1 colher de sopa cheia;20;69;17
Amido de milho;1 colher de sopa cheia;20;72;18
Amora (diversas);1 unidade média;8;5;1
Angu;1 colher de sopa;35;44;9
Arroz à grega;1 colher de servir;60;75;18
Arroz basmatti cozido;1 colher de sopa cheia;25;27;6
Arroz branco cozido;1 colher de sopa cheia;25;26;5
Arroz branco cozido;1 colher de servir;45;58;13
"Arroz branco cozido
(instantâneo)";1 colher de sopa cheia;25;28;6
Arroz carreteiro;1 colher de servir;45;70;5
Arroz com amêndoas;1 colher de servir;60;75;18
Arroz com lentilha;1 colher de servir;45;71;12
Arroz com linguiça;1 colher de sopa cheia;60;116;12
Arroz com passas;1 colher de sopa cheia;25;37;8
Arroz com pequi;1 colher de sopa cheia;60;97;17
Arroz doce;1 colher de sopa;30;51;10
Arroz doce diet;1 colher de sopa;30;41;6
Arroz frito;1 colher de sopa cheia;25;48;6
Arroz integral com brócolis;1 colher de sopa cheia;25;26;5
Arroz integral cozido;1 colher de sopa cheia;20;25;5
Arroz integral cozido;1 colher de servir;50;54;12
Arroz parboilizado;1 colher de sopa cheia;28;35;7
Arroz piamontese;1 colher de servir rasa;40;72;8
Arroz preto cozido;1 colher de sopa cheia;25;88;18
Arroz Ráris Fit® (média);^{1} /_{4} xícara de chá;45;158;32
Arroz selvagem cozido;1 colher de sopa cheia;25;28;5
Arroz sírio;1 colher de servir;45;69;13
Arroz vermelho cozido;1 colher de sopa cheia;25;30;6
Arroz-doce;1 colher de sopa;30;51;10
Arroz-doce diet;1 colher de sopa;30;41;6
"Artesanal Bourbon Bacon
(Bob’s®)";1 unidade pequena;271;470;26
Aspargos (conserva);1 unidade média;7;2;0
"Atum em água
(drenado)";1 lata;120;98;24
"Atum em óleo
(drenado)";1 lata;120;203;31
Atum fresco cru;"1 filé
grande";100;118;26
Australiano Artesanal (Bob’s®);1 unidade pequena;340;758;47
Australiano M (Bob’s®);1 unidade média;404;1016;46
Avelã;1 unidade;1;6;0
Azeite de dendê;"1 colher de
sopa";8;72;0
Azeite de oliva;"1 colher de
sopa";8;72;0
Azeitona preta;1 unidade;3;7;0
Azeitona preta;1 unidade;3;7;0
Azeitona verde;1 unidade;4;12;0
Azeitona verde;1 unidade;4;12;0
Baba de moça;1 colher de sopa cheia;30;150;27
"Bacalhau
dessalgado cru";1 porção;100;127;29
Bacon;"1 fatia
pequena";10;89;3
"Bacon Baked
Potato®";1 concha;20;92;3
"Bacon Smokehouse
(McDonald’s®)";1 unidade;;978;75
Baconzitos®;1 pacote pequeno;55;286;31
Bagel gergelim Wickbol®;1 unidade;40;121;21
Bagel multigrãos Wickbold®;1 unidade;40;117;20
Bala “de latinha” diet Gold®;1 bala;2;0;2
Bala Chita®;1 unidade;5;20;5
Bala Dadinho®;1 unidade;6;31;4
Bala de caramelo (média);1 unidade;5;20;4
Bala de goma;1 unidade;3;11;3
Bala de jenipapo;1 unidade;9;25;6
Bala de maçã Lilith®;1 unidade;5;21;5
Bala Delícia;1 unidade;5;20;4
Bala Frumelo – Lacta®;1 unidade;4;17;3
Bala gelatina Fini® (ursinhos);1 unidade;2;8;2
Bala Halls®;1 unidade;3;13;3
Bala Icekiss®;1 unidade;4;16;4
Bala Jujuba;1 unidade;3;12;3
Bala Marshmallow Fini®;1 unidade;6;19;4
Bala Mentex®;1 unidade;3;11;3
Bala Mentos®;1 unidade;3;11;2
Bala Toffees®;1 unidade;7;29;4
Bala Yogurte Dori®;1 unidade;5;19;4
Bala zero Dadinho®;1 unidade;6;29;3
Banana (média);"1 unidade média
(sem casca)";55;51;13
Banana à milanesa;1 unidade média;100;185;24
Banana caramelada;1 unidade média;100;229;59
Banana-caturra;"1 unidade média
(sem casca)";86;79;20
Bananada;1 unidade média;40;115;27
Bananada diet;1 unidade média;40;102;24
Banana-da-terra crua;"1 unidade grande
(sem casca)";100;117;27
Banana-maçã;"1 unidade média
(sem casca)";65;72;15
Banana-nanica;"1 unidade média
(sem casca)";70;64;17
Banana-prata;"1 unidade média
(sem casca)";50;49;13
Bananinha diet Paraibuna®;1 tablete;23;68;16
Bananinha Paraibuna®;1 tablete;36;114;27
Banha de porco;"1 colher de
sobremesa";21;189;0
"Barra de biscoito integral
morango Nutry®";1 barra;20;83;13
Barra de cereal (média);1 unidade;25;97;18
"Barra de cereal banana com
chocolate zero Trio®";1 barra;22;78;13
Barra de cereal diet (média);1 unidade;25;67;15
"Barra de cereal laranja com
chocolate Taeq®";1 unidade;25;81;16
Barra de cereal light (média);1 unidade;25;75;16
"Barra de granola crocante
Nature Valley®";1 barra;21;96;13
"Barra de granola salgada
GranPure®";1 unidade;15;67;7
"Barra de mixed nuts original
Agtal®";1 unidade;30;155;8
Batata baroa cozida;1 colher de sopa cheia;35;28;7
Batata baroa frita;1 colher de sopa cheia;25;57;7
Batata doce assada;1 colher de sopa rasa;30;43;11
Batata doce cozida;1 colher de sopa rasa;30;27;6
Batata doce frita;1 fatia média;65;249;39
"Batata Frita grande
(Burguer King®)";1 unidade;142;389;46
"Batata Frita média
(Burguer King®)";1 unidade;116;318;37
"Batata Frita pequena
(Burguer King®)";1 unidade;74;203;24
"Batata Furiosa grande
(Burguer King®)";1 unidade;354;247;118
"Batata Furiosa média
(Burguer King®)";1 unidade;184;604;61
Batata inglesa cozida;1 colher de sopa cheia;30;16;4
Batata inglesa frita;"1 colher de servir
cheia";50;140;18
Batata inglesa frita (chips);1 colher de servir rasa;15;81;7
Batata inglesa sauté;1 colher de sopa rasa;25;37;4
Batata palha (média);1 xícara de chá;25;139;11
"Batata Suprema grande
(Burguer King®)";1 unidade;368;604;59
"Batata Suprema média
(Burguer King®)";1 unidade;221;368;36
Batata Yacon;1 colher de sopa cheia;25;8;2
"Batida de fruta com com leite
condensado";1 taça;100;256;26
Beijinho;1 unidade pequena;10;42;5
Beijinho diet;1 unidade pequena;6;20;2
Beijinho Moça fiesta Nestlé®;1 unidade média;15;52;8
Beiju;1 unidade média;100;359;87
Beiju com côco;1 unidade grande;125;622;77
Beiju de queijo com manteiga;1 unidade média;150;518;87
"Beirute de Frango Crocante
(Habib’s®)";1 unidade;553;1269;84
Beirute de Rosbife (Habib’s®);1 unidade;418;919;56
Beirute Habidão (Habib’s®);1 unidade;585;1584;47
Bem casado;1 unidade;40;160;25
Berinjela cozida (picada);1 colher de sopa cheia;25;9;2
Berinjela frita;1 rodela média;13;10;1
Bertalha;1 colher de sopa cheia;14;6;1
Beterraba cozida (picada);1 colher de sopa cheia;20;9;2
Beterraba crua (ralada);1 colher de sopa cheia;16;7;1
Bib’s Cheese Salada (Habib’s®);1 unidade;220;601;30
Bib’s Chicken Crispy (Habib’s®);1 unidade;230;529;33
Bib’s Picanha Bacon (Habib’s®);1 unidade;285;1251;28
"Bib’sfiha de Calabresa com
Muçarela (Habib’s®)";1 unidade;70;115;9
Bib’sfiha de Carne (Habib’s®);1 unidade;75;171;20
Bib’sfiha de Cordeiro (Habib’s®);1 unidade;70;97;8
"Bib’sfiha de Espinafre e
Philadelphia (Habib’s®)";1 unidade;80;158;19
Bib’sfiha de Frango (Habib’s®);1 unidade;75;152;19
Bib’sfiha de Picanha (Habib’s®);1 unidade;70;89;8
Bib’sfiha de Queijo (Habib’s®);1 unidade;70;184;18
Bib’sfiha Italiana (Habib’s®);1 unidade;72;128;9
"Bib’sfiha Pepperoni com
Mussarela e Philadelphia®
(Habib’s®)";1 unidade;80;181;9
"Bib’sfiha Quatro Queijos e
Philadelphia (Habib’s®)";1 unidade;80;177;8
Bife à milanesa;1 unidade;100;283;21
Bife à parmegiana;1 unidade;150;490;35
"Bife de boi
grelhado";"1 unidade
média";100;225;36
"Bife de fígado
grelhado";"1 unidade
média";100;225;30
"Bife de fígado
grelhado";"1 unidade
média";100;225;30
Bife frito;1 unidade;100;297;26
Big Apple com refrigerante;1 copo;200;205;28
Big Apple com refrigerante zero;1 copo;200;125;10
Big Bob (Bob’s®);1 unidade média;243;540;37
Big Bob Artesanal (Bob’s®);1 unidade pequena;247;570;34
Big Bob Picanha (Bob’s®);1 unidade pequena;255;564;36
Big King (Burguer King®);1 unidade;312;806;148
Big Mac (McDonald’s®);1 unidade;;502;45
Big Tasty (McDonald’s®);1 unidade;;837;41
Biscoitão de polvilho;1 unidade pequena;20;110;14
Biscoito água;1 unidade;5;23;3
Biscoito água e sal;1 unidade;8;34;5
Biscoito amanteigado;1 unidade;4;26;3
"Biscoito ao leite com aveia
Belvita®";1 pacotinho;30;138;20
Biscoito bichinhos Piraquê®;1 unidade;1;5;1
Biscoito centeio Nesfit;1 unidade;4;17;2
Biscoito champanhe;1 unidade;8;32;6
Biscoito cream cracker®;1 unidade;7;29;5
Biscoito de arroz Fit Food®;1 pacote;30;109;23
Biscoito de farinha integral;1 unidade;10;40;7
Biscoito de leite diet;1 unidade pequena;3;12;2
Biscoito de leite Nestlé®;1 unidade;8;38;5
Biscoito de maisena;1 unidade;5;22;4
Biscoito de milho verde Nestlé®;1 unidade;6;27;4
Biscoito de polvilho (rosquinha);1 unidade;3;13;2
Biscoito de queijo;1 unidade;12;51;6
"Biscoito de tapioca Fhom®
(média)";22 unidades pequenas;30;114;27
Biscoito frito salgado;3 unidades;50;214;26
"Biscoito grãos da terra aveia e
passas Aymoré®";1 unidade;15;80;12
"Biscoito integral 3 cereais
Nestlé®";1 pacote;21;92;14
Biscoito integral Club Social®;1 biscoito;9;39;6
Biscoito maisena Nestlé®;1 unidade;5;22;4
Biscoito Maria®;1 unidade;6;26;4
"Biscoito Passatempo®
(sem recheio)";1 unidade;6;22;4
Biscoito recheado (média);1 unidade;13;58;8
"Biscoito recheado de chocolate
(média)";1 unidade;13;62;9
Biscoito recheado diet (média);1 unidade pequena;10;37;8
"Biscoito salgado integral
gergelim Piraquê®";1 unidade;7;38;5
Biscoito Salpet®;1 unidade;2,5;12;2
"Biscoito tipo Club Social®
(média)";1 pacotinho;28;134;18
Biscoito tipo cookies (média);1 unidade;10;47;7
Biscoito tipo cookies diet (média);1 unidade;10;43;7
Biscoito tipo sequilhos (média);1 unidade pequena;3;13;2
Biscoito tipo waffer (média);1 unidade;8;40;5
Biscoito tipo waffer diet (média);1 unidade;7;39;4
"Biscoito trigo e flocos de arroz
Club Social®";1 biscoito;9;39;6
"Biscoito waffer chocolate
Lowçucar®";1 unidade;8;39;3
Bisnaguinha (média);1 unidade;20;60;11
"Bisnaguinha mini Scooby-Doo
Wickbold®";1 unidade;8;28;5
"Bisnaguinha Scooby-Doo
Wickbold®";1 unidade;18;51;10
Bisnaguinha Seven Boys®;1 unidade;20;62;11
BK Chicken (Burguer King®);1 unidade;19;47;3
Blanquet de peru;"1 fatia
pequena";10;9;2
Bloody Mary;1 taça;100;123;5
Bob’s Artesanal (Bob’s®);1 unidade pequena;330;709;34
Bob’s Australiano (Bob’s®);1 unidade pequena;288;717;44
Bob’s Burger®;1 unidade pequena;165;339;28
Bob’s Crispy (Bob’s®);1 unidade pequena;206;544;40
Bolinha de queijo;1 unidade pequena;10;27;3
Bolinha de queijo;1 unidade pequena;20;55;7
Bolinho de Bacalhau (Habib’s®);1 unidade;40;78;6
Bolinho de chuva;1 unidade pequena;20;54;8
Bolinho de Chuva;1 unidade pequena;30;81;13
Bolinho de chuva salgado;1 unidade;8;21;3
Bolinho de chuva salgado;1 unidade;8;21;3
Bolo alemão;1 fatia;60;227;30
Bolo branco simples;1 fatia grande;100;318;55
"Bolo de abacaxi zero adição de
açúcar Suavipan®";1 fatia média;40;145;20
Bolo de aipim;1 fatia média;40;130;19
Bolo de aipim com coco;1 fatia grande;100;303;46
Bolo de arroz;1 fatia grande;100;281;55
Bolo de banana;1 fatia grande;100;301;47
Bolo de batata-doce;1 fatia grande;90;324;48
"Bolo de caneca chocolate zero
Vitao®";1 unidade;55;175;39
"Bolo de caneca integral Vitalin®
(média)";1 unidade;70;265;56
Bolo de cenoura;1 fatia média;60;227;38
"Bolo de cenoura com chocolate
Dr. Otcker®";1 fatia média;60;227;38
Bolo de chocolate;1 fatia média;40;164;22
Bolo de coco;1 fatia média;40;133;21
"Bolo de festa (recheio/
cobertura)";1 fatia grande;100;320;54
"Bolo de festa diet (recheio/
cobertura)";1 fatia grande;100;275;25
Bolo de fubá;1 fátia média;50;160;20
Bolo de milho;1 fatia média;40;124;18
Bolo de pote Casa de Bolos®;1 fatia;60;166;22
Bolo Petit Gateau;1 unidade;60;245;25
Bolo Petit Gateau light;1 unidade media;94;344;21
Bolo recheado light Suavipan®;1 unidade;40;117;18
Bolo simples de trigo;1 fatia média;60;203;36
Bolo simples sem cobertura;1 fatia média;40;143;21
Bolo simples sem cobertura diet;1 fatia média;40;103;14
Bomba de chocolate;1 unidade;80;125;10
Bombom Alpino®;1 unidade;13;70;8
Bombom Amandita Lacta®;1 unidade;8;40;5
Bombom Chokito®;1 unidade;32;140;25
"Bombom de Chocolate Belga
Amedoim Haoma®";1 unidade;20;106;7
"Bombom de Chocolate Belga
Avelâ Haoma®";1 unidade;20;90;7
"Bombom de Cookies e Cream
Haoma®";1 unidade;20;90;9
"Bombom diet recheado Cacau
Show®";1 unidade;13;58;7
Bombom Ferrero Rocher®;1 unidade;13;75;6
"Bombom Garoto Caribe®
(banana)";1 unidade;17;65;12
Bombom Garoto It Coco®;1 unidade;17;80;11
Bombom Garoto Opereta®;1 unidade;12;67;8
Bombom Kinder Ovo®;1 unidade;20;110;10
Bombom Lacta Laka®;1 unidade;20;108;12
Bombom Nestlé Charge®;1 unidade;40;187;24
Bombom Nestlé Galak®;1 pedaço;25;138;14
Bombom Nestlé Kit Kat®;1 unidade;42;218;23
Bombom Nestlé Prestígio®;1 unidade;33;154;21
Bombom Ouro Branco®;1 unidade;22;112;14
Bombom Sonho de Valsa®;1 unidade;22;115;13
Bombom Trufa de Cereja®;1 unidade;10;45;6
Brigadeiro;1 unidade pequena;10;36;6
Brigadeiro diet;1 unidade pequena;23;62;7
Brigadeiro diet de colher Hué®;1 colher de sopa;20;86;5
Brioche ou rosca;1 fatia média;25;88;12
Broa de amendoim;1 pedaço;50;138;18
Broa de fubá;1 pedaço;10;39;5
Broa de fubá/milho;1 fatia média;60;154;30
Brócolis cozido (picado);1 colher de sopa cheia;10;4;0
Broto de feijão cru;1 pires cheio;100;44;8
Broto de feijão cru;1 colher de sopa cheia;35;16;8
Brownie chocolate diet (média);1 unidade;40;107;15
Burger Vegano Fit (Madero®);1 unidade;370;637;85
"Burger Vegano Junior Fit
(Madero®)";1 unidade;300;506;73
Cacau;1 porção;100;74;19
Cacau em pó (média);1 colher de sopa;10;31;5
"Cachorro quente(pão/salsicha/
molhos/milho/batata)";1 unidade;120;203;27
Café com açúcar;1 xícara de chá;200;80;20
"Café com leite meio a meio
(com açúcar)";"1 xícara de chá/
1 copo";200;117;19
"Café com leite meio a meio
(sem açúcar)";"1 xícara de chá/
1 copo";200;88;7
Café sem açúcar;1 xícara de chá;200;10;0
Café solúvel (pó);1 colher de sopa cheia;4;6;1
Caipirinha (com açúcar);1 dose;200;187;33
Caipirinha (sem açúcar);1 dose;200;85;21
Cajá (polpa) congelada;1 saquinho;100;40;10
Cajá-manga;1 unidade grande;55;38;9
Caju;1 unidade grande;120;55;14
Caju (polpa) congelada;1 saquinho;100;46;12
Cajuzinho;1 unidade pequena;12;44;6
Calda de caramelo;1 colher de sopa;10;31;7
Calda de chocolate;1 colher de sopa;10;31;5
Calda de morango;1 colher de sopa;10;25;7
Caldo de cana;1 copo;200;130;36
Caldo de feijão;1 concha média;130;98;13
Camarão frito;4 unidades;20;37;4
Camil®;;;;
Cana-de-açúcar (caldo);1 copo duplo;240;201;49
Canelone à bolonhesa;1 unidade média;45;76;5
Canelone de frango;1 unidade média;45;87;9
"Canelone de peito de peru,
queijo e brócolis";1 unidade média;45;62;6
"Canelone de ricota com
espinafre";1 unidade média;45;75;5
Canjica doce;1 concha média;120;126;23
Canjica doce diet;1 concha média;120;86;13
Canudinho de doce de leite;1 unidade;25;89;14
Capeletti de carne;1 escumadeira;50;141;25
Capeletti de frango;1 escumadeira;50;140;25
Capeletti de presunto;1 escumadeira;50;143;25
Cappuccino diet em pó (média);2 colheres de sopa;14;64;6
"Cappuccino em pó tradicional
(média)";2 colheres de sopa;20;81;15
Cappuccino pronto Classic Café;1 unidade;187;187;28
"Cappuccino pronto Light Café 3
Corações®";1 unidade;187;119;12
Cappuccino tradicional em pó;2 colheres de sopa;14;49;8
Caqui;1 unidade média;110;95;22
Cará cozido (picado);1 colher de sopa cheia;35;28;7
Cará refogado;1 colher de sopa cheia;27;31;5
Carambola;1 unidade grande;100;46;11
Caramelo diet Hué®;1 unidade;6;23;4
"Carne de porco
lombo assado";1 porção;100;210;0
"Carne de porco
pernil assado";1 porção;100;260;0
Carne vegetal (soja);1 pedaço;50;36;4
Carpaccio de carne;"1 fatia
média";30;86;0
"Carpaccio de
Salmão Damm®";1 porção;100;142;0
Castanha-de-caju;10 unidades;30;130;10
Castanha-do-Pará;3 unidades;18;126;3
Castanha-portuguesa (cozida);1 unidade média;10;21;5
Caviar;1 porção;100;252;4
Cebola (picada);1 colher de sopa cheia;10;4;1
Cebolinha crua (picada);1 colher de sopa cheia;8;2;0
Cenoura cozida (picada);1 colher de sopa cheia;25;8;2
Cenoura crua (ralada);1 colher de sopa cheia;12;4;1
Cereais diet (média);3 / _{4} xícara de chá;40;90;17
"Cereal matinal chocolate
Vitalin®";^{3} /_{4} xícara de chá;30;121;24
"Cereal matinal de aveia com
Nuts Nutry®";½ xícara de chá;40;163;23
"Cereal matinal de milho com
açúcar";1 xícara de chá;40;151;36
"Cereal matinal de milho sem
açúcar";1 xícara de chá;40;146;33
Cereal matinal tradicional;3 / _{4} xícara de chá;30;115;26
Cereal Nesfit®;^{3} /_{4} xícara de chá;30;110;23
Cereal Neston®;2 colheres de sopa;23;80;18
Cereja (conserva);1 unidade;5;8;2
Cereja fresca;1 unidade média;4;4;1
Cerveja;1 lata;335;137;12
Cerveja Bock® preta;1 lata;335;174;13
Cerveja Cerpa®;1 copo duplo;240;100;9
Cerveja Heineken®;1 lata;350;147;11
Cerveja Pilsen (média);1 lata;350;142;12
Cerveja Puro Malte (média);1 lata;350;140;11
Cerveja sem álcool;1 lata;335;89;15
Cerveja Trigo (média);1 copo;200;125;13
Cevada torrada e moída Yoki®;½ xícara de chá;50;176;40
Chá de limão Nestea light®;1 copo;240;0;0
Chá sem açúcar (média);1 xícara de chá;200;2;0
Chá-mate com açúcar (infusão);1 copo;240;9;2
Champagne;1 taça;100;85;12
Champignon (conserva);1 colher de sopa;10;2;0
"Chandelle®
chocolate";1 potinho;90;132;20
Chantilly;1 colher de sopa;25;69;3
Chá-preto sem açúcar (infusão);1 copo;200;1;0
Cheddar (Bob’s®);1 unidade média;208;415;27
Cheddar (Burguer King®);1 unidade;136;321;28
Cheddar Duplo (Burguer King®);1 unidade;181;410;28
"Cheddar Mc Melt®
(McDonald’s®)";1 unidade;;468;30
Cheddar Triplo (Burguer King®);1 unidade;260;659;32
Cheese Chicken Fit (Madero®);1 unidade;330;424;38
Cheeseburger (Bob’s®);1 unidade pequena;122;336;27
Cheeseburger (Burguer King®);1 unidade;136;339;31
Cheeseburger (McDonald’s®);1 unidade;;302;32
"Cheeseburger Bacon (Burguer
King®)";1 unidade;145;379;31
Cheeseburger Madero Fit®;1 unidade;300;370;36
"Cheeseburger Madero
Menos Sal®";1 unidade;360;470;38
"Cheeseburger Vegetariano
Junior Fit (Madero®)";1 unidade;315;573;72
"Cheeserbuger Vegetariano Fit
(Madero®)";1 unidade;400;732;88
Cheetos®;1 pacote pequeno;55;275;37
Chicken Crisp (Burguer King®);1 unidade;276;667;68
"Chicken Crisp Barbecue Bacon
(Burguer King®)";1 unidade;350;600;56
Chicken Jr. (Burguer King®);1 unidade;162;513;55
"Chicken Sandwich
(Burguer King®)";1 unidade;210;609;53
"Chicken Supreme Crispy
(McDonald’s®)";1 unidade;;526;43
"Chicken Supreme Grill
(McDonald’s®)";1 unidade;;454;30
Chiclete Bubbaloo®;1 unidade;6;20;5
Chiclete de hortelã;1 unidade;4;13;3
Chiclete Trident®;1 unidade;2;3;1
Chicória crua;1 xícara de chá;30;3;1
Chicória crua;1 prato de sobremesa;100;14;3
Chicória refogada;1 colher de sopa cheia;45;39;3
Chicória refogada;1 colher de servir cheia;45;39;3
Chimarrão;1 cuia média;200;12;0
"Chips de batata doce Fhom®
(média)";1 xícara de chá;25;138;17
"Chips de mandioquinha Fhom®
(média)";1 xícara de chá;25;143;16
Chocolate ao leite (média);1 barra pequena;30;160;18
Chocolate ao leite diet (média);1 barra pequena;30;157;13
Chocolate Batom®;1 unidade;16;88;10
"Chocolate Bis diet
(Mais Um Svili®)";1 unidade;7;26;5
Chocolate Bis®;1 unidade;7;33;4
Chocolate com castanha (média);1 barra pequena;30;168;16
Chocolate Diamante Negro®;1 barra pequena;30;156;19
Chocolate diet Talento ®;1 barrinha;25;129;12
Chocolate Galak®;1 barra pequena;30;170;16
Chocolate meio amargo (média);1 barra pequena;25;128;14
Chocolate Talento®;^{1} /_{4} barra;25;137;13
Chocotone;1 fatia grande;60;240;33
Chocotone diet;1 fatia grande;60;180;26
Chopp;1 tulipa;290;122;11
Chouriço;1 gomo;60;227;1
Chuchu cozido (picado);1 colher de sopa rasa;15;3;1
Churros com doce de leite;1 unidade;100;322;44
Cidra;1 dose;100;40;10
Ciriguela;1 unidade média;20;15;4
Clara de ovo cozida;1 unidade;30;15;0
ClubHouse (McDonald’s®);1 unidade;;819;48
"ClubHouse com Crispy
(McDonald’s®)";1 unidade;;607;60
Coca-cola®;1 copo;200;78;20
Coca-cola® zero;1 copo;200;0;0
Cocada;1 unidade pequena;50;185;28
Cocada ao Leite diet Flormel®;1 tablete;25;103;12
Cocada zero Hué®;1 tablete;25;93;10
Coco fresco (água);1 copo duplo;240;43;10
Coco fresco (massa);1 pedaço médio;40;142;6
Coco fresco (ralado);1 xícara de chá;100;354;15
Coco ralado (industrializado);1 colher de sopa cheia;12;72;2
Coentro;1 colher de sopa rasa;8;2;0
Cogumelo (conserva);1 colher de sopa;27;5;1
Cogumelo paris cozido;1 colher de sopa cheia;35;10;2
Cogumelo shiimeji cru;1 colher de sopa rasa;20;6;1
Cogumelo shiitake cozido;1 colher de sopa cheia;35;21;5
Cogumelo shiitake seco;1 colher de sopa;25;44;11
"Cogumelo
paris cozido";"1 colher
de sopa
cheia";35;10;2
"Cogumelo
shiitake cozido";"1 colher
de sopa
cheia";35;21;5
"Cogumelo
shimeji cru";"1 colher de
sopa rasa";20;6;1
Conhaque;½ copo;100;231;0
"Cookies de aveia cacau e avelã
Quacker®";1 unidade;10;39;6
"Cookies de aveia com maçã e
canela Quacker®";1 unidade;13;53;8
"Cookies de aveia com passas
Quacker®";1 unidade;10;39;6
"Cookies de aveia granola
Quaker®";1 unidade;10;39;6
"Cookies diet integrais cacau
com gotas de chocolate Vitao®";9 unidades;30;132;20
"Cookies integrais castanha de
caju Jasmine®";1 unidade;8;32;5
"Cookies integrais castanha de
Caju Vitao®";1 unidade;8;34;6
"Cookies integrais de soja sem
glúten Good Soy®";1 unidade;17;65;9
"Cookies integrais diet de laranja
Vitao®";1 unidade;6;23;5
"Cookies integrais diet de
banana com chocolate Vitao®";1 unidade;6;25;4
"Cookies integrais diet de
banana Vitao®";1 unidade;6;24;5
"Cookies integrais diet de
castanha de caju Jasmine®";1 unidade;4;15;2
"Cookies integrais diet de
morango com chocolate Vitao®";1 unidade;5;21;3
"Cookies integrais sem glúten
cacau Vitao®";1 unidade;6;27;4
"Coração de boi
cozido";1 fatia;100;147;0
"Coração de galinha
assado brasa";5 unidades;30;60;0
"Cordeiro, filé
assado";1 porção;100;15;1
Corn Flakes Kellogg’s®;1 xícara de chá;30;108;24
Couve crua;1 folha média;20;10;1
Couve de bruxelas cozida;1 colher de sopa cheia;25;7;1
Couve refogada;1 colher de sopa cheia;15;21;2
Couve-flor à milanesa;1 ramo médio;90;136;11
Couve-flor cozida;1 ramo médio;60;25;4
Couve-flor crua (picada);1 colher de sopa rasa;12;5;1
Coxinha de frango;1 unidade grande;60;170;21
Coxinha de frango (festa);1 unidade pequena;15;56;3
Coxinha Fries (Burguer King®);1 unidade;168;337;50
Creme de amedoim Haoma®;1 colher de sopa;20;121;6
"Creme de arroz/milho cozido
(média)";1 colher de sopa;33;26;4
"Creme de avelã com cacau diet
Flormel®";1 colher de sopa;20;102;8
Creme de avelâ Haoma®;1 colher de sopa;20;120;4
"Creme de baunilha/choco/coco/
caramelo";1 colher de sopa;33;37;7
"Creme de Cookies e Cream
Haoma®";1 colher de sopa;20;95;11
Creme de leite;"1 colher de
sopa";15;35;0
Creme de leite light;"1 colher de
sopa";15;25;0
Cremogema® Tradicional;1 colher de sopa;20;72;18
Cremutcho®;"1 colher de
sopa";10;65;0
Croissant;1 unidade grande;80;328;32
Croissant de chocolate;1 unidade pequena;57;237;24
Croissant de queijo;1 unidade grande;80;388;32
Croquete de carne;1 unidade média;25;87;5
Crouton;1 colher de sopa;10;35;6
Croutons integral (média);1 xícara de chá;30;108;20
Croutons natural (média);1 xícara de chá;30;112;22
Cupuaçu;1 porção;100;49;10
Cupuaçu creme;1 colher de sopa cheia;20;135;5
Curau;1 colher de sopa;18;14;3
Cuscuz de milho;2 /_{3} xícara de chá;140;162;33
Cuscuz paulista;1 fatia pequena;80;161;34
Damasco seco;1 unidade média;7;9;2
Dobradinha;"1 colher de
sopa";35;39;3
Doce de abóbora;1 colher de sopa;40;83;18
Doce de banana;1 colher de sopa;48;39;9
Doce de batata-doce;1 colher de sopa;40;94;24
Doce de cidra;1 colher de sopa;50;81;20
"Doce de coco com maracujá diet
Flormel®";1 tablete;25;115;14
Doce de leite;1 colher de sopa;40;116;22
Doce de leite com ameixa;1 colher de sopa;20;67;12
"Doce de leite com ameixa diet
Flormel®";1 colher de sopa;20;52;8
"Doce de leite com aveia diet
Hué®";1 colher de sopa;20;61;8
Doce de leite com chocolate;1 colher de sopa;20;67;11
Doce de leite com coco diet;1 colher de sopa;20;45;6
"Doce de leite com coco diet
Flormel®";1 colher de sopa;20;66;9
"Doce de leite com nozes diet
Flormel®";1 tablete;25;111;14
Doce de leite diet (média);1 colher de sopa;40;122;16
Doce de leite diet Flormel®;1 colher de sopa;20;53;8
Doce de mamão diet;1 colher de sopa;40;30;11
Doce de mamão verde;1 colher de sopa;40;78;16
Doritos®;1 pacote pequeno;55;275;30
Duplo Picanha (McDonald’s®);1 unidade;;1434;51
"Duplo Quarteirão®
(McDonald’s®)";1 unidade;;766;33
Duplo Salada (McDonald’s®);1 unidade;;390;32
Duplo Veggie (McDonald’s®);1 unidade;;828;69
Edamame;1 colher de sopa;30;25;2
"Egg Cheese Bacon
(McDonald’s®)";1 unidade;;417;27
Empada;1 unidade média;55;197;26
Empada (festa);1 unidade pequena;12;43;6
Energético (média);1 lata;250;114;27
Energético diet (média);1 lata;250;12;2
Energético Red Bull®;1 lata;250;110;28
"Energético Red Bull® (sugar
free)";1 lata;250;10;2
Energético Tropical;1 lata;250;116;28
Enroladinho de salsicha;1 unidade pequeno;20;65;3
Ervilha (creme);1 concha média;130;125;17
Ervilha enlatada;1 colher de;27;25;5
Ervilha enlatada (drenada);1 colher de sopa;27;25;5
Ervilha vagem cozida;1 colher de sopa;30;26;4
Escarola crua;1 xícara de chá;30;5;1
Escarola refogada;"1 colher de servir
cheia";40;13;2
Esfiha aberta;1 unidade média;60;172;23
Esfiha grande (média);1 unidade média;80;229;31
"Espaguetti de feijão-azuki
com soja Fit Food®";1 prato;80;282;34
"Espaguetti de feijão-preto
com soja Fit Food®";1 prato;80;237;16
"Espaguetti de palmito à
bolonhesa";1 unidade comercial;300;214;9
Espaguetti de soja Fit Food®;1 prato;80;281;17
Espinafre cru (picado);1 colher de sopa cheia;20;4;0
Espinafre refogado;1 colher de sopa cheia;25;27;2
Espumante (média);1 copo;100;85;3
Extra Chicken (McDonald’s®);1 unidade;;345;35
Falafel (bolinho de grão de bico);1 porção;100;155;20
Fandangos®;1 pacote pequeno;55;251;40
Fanta® Laranja;1 copo;200;108;29
Fanta® Laranja diet;1 copo;200;0;0
Farelo de aveia;1 colher de sopa;10;34;4
Farelo de trigo;1 colher de sopa cheia;18;39;12
Farinha de arroz;1 colher de sopa cheia;17;62;14
Farinha de aveia;1 colher de sopa cheia;18;71;12
Farinha de centeio;1 colher de sopa cheia;15;49;10
Farinha de centeio integral;1 colher de sopa cheia;15;54;11
Farinha de mandioca;1 colher de sopa cheia;16;57;14
Farinha de milho;1 colher de sopa cheia;15;54;11
Farinha de milho integral;1 colher de sopa cheia;16;62;13
Farinha de rosca;1 colher de sopa cheia;15;59;11
Farinha de semolina;1 colher de sopa;20;72;15
Farinha de soja;1 colher de sopa cheia;15;65;5
Farinha de tapioca;1 colher de sopa cheia;25;58;15
"Farinha de tapioca com coco
e açúcar";1 colher de sopa cheia;25;107;21
Farinha de trigo;1 colher de sopa cheia;20;71;15
Farinha de trigo integral;1 colher de sopa cheia;20;72;14
"Farinha láctea com aveia
Nestlé®";1 colher de sopa rasa;8;30;5
"Farinha láctea com aveia
Nestlé®";1 colher de sopa;8;30;5
Farinha láctea Nestlé®;1 colher de sopa rasa;8;30;6
Farinha láctea Nestlé®;1 colher de sopa;8;30;6
"Farinha pronta para massa
salgada Vitao®";"1 fatia de massa
pronta – 50g";27;91;22
Farofa com bacon;1 colher de sopa cheia;45;206;16
Farofa com linguiça;1 colher de sopa cheia;15;54;7
Farofa de mandioca;1 colher de sopa cheia;25;96;20
Farofa de ovo;1 colher de sopa cheia;25;77;13
Farofa na manteiga;1 colher de sopa cheia;15;71;12
Farofa pronta Yoki®;1 colher de sopa cheia;35;143;28
Fava cozida (drenada);1 colher de sopa;20;22;4
Fécula de batata;1 colher de sopa cheia;20;66;16
Feijão comum cozido (50% caldo);1 colher de sopa;17;12;3
"Feijão comum
cozido (50% caldo)";"1 colher de
sopa";17;12;3
Feijão-branco (cozido);1 colher de sopa;31;40;8
"Feijão-branco
(cozido)";"1 colher de
sopa";31;40;8
Feijão-preto cozido (50% caldo);1 colher de sopa;17;10;2
"Feijão-preto cozido
(50% caldo)";"1 colher de
sopa";17;10;2
Fettuccine tradicional;1 pegador;110;150;24
Figo cristalizado;1 unidade média;30;86;22
Figo em calda;1 unidade pequena;20;38;10
Figo fresco;1 unidade grande;55;32;8
Filé de boi a rolê;1 pedaço;100;179;3
"Filé de boi ao
molho madeira";1 pedaço;180;227;12
"Filé de boi
acebolado";1 pedaço;90;175;3
Flan baunilha;1 potinho;100;93;15
Flan baunilha diet;1 potinho;100;50;7
Flocos de arroz;1 colher de sopa cheia;14;49;11
Flocos de aveia;1 colher de sopa cheia;15;9;2
"Flocos de milho com açúcar
mascavo Mãe Terra®";1 colher de sopa cheia;15;59;13
Flocos de milho Milharina®;1 colher de sopa cheia;20;68;15
Focaccia;1 fatia média;50;136;22
Folhado (salgado);1 unidade grande;40;109;9
Framboesa;1 unidade média;15;8;2
Franfile (Bob’s®);1 unidade méda;218;485;35
"Frango assado asa
com pele";"1 unidade
média";40;49;0
"Frango assado coxa
com pele";"1 unidade
média";40;49;0
"Frango assado
sobrecoxa com pele";"1 unidade
média";65;79;0
"Frango inteiro
assado ou cozido
sem pele (pedaços)";1 porção;100;180;0
Frango xadrez;1 porção;100;150;6
"Frango, coxa cozida
sem pele";1 unidade;100;167;0
"Frango, coxa
assada com pele";1 unidade;100;215;0
"Frango, filé à
milanesa";"1 unidade
média";100;311;15
"Frango, peito sem
pele cozido, assado
ou grelhado";"1 unidade
grande";100;160;0
Frozen Margarita;1 copo duplo;240;218;12
Fruta-do-conde/Ata;1 unidade média;60;53;13
Fruta-pão;1 unidade;100;96;24
Frutas cristalizadas (média);1 colher de sopa;20;115;16
"Frutas cristalizadas
(industrializadas)";1 colher de sopa cheia;15;48;12
Fubá;1 colher de sopa;20;72;15
Funghi;1 colher de sopa cheia;20;71;10
Galeto assado;"^{1} /_{4} da
unidade";95;115;0
Gelatina (média);1 potinho;100;62;13
Gelatina diet (média);1 potinho;100;9;0
"Geleia de abacaxi com hortelã
diet Hué®";1 colher de sopa;20;8;2
Geleia de amora;1 colher de sopa;40;93;23
Geleia de damasco diet Hué®;1 colher de sopa;20;17;5
Geleia de framboesa;1 colher de sopa;34;97;24
Geleia de frutas (média);1 colher de sopa;30;74;18
Geleia de frutas diet (média);1 colher de sopa;25;25;8
Geleia de goiaba Diet Hué®;1 colher de sopa;25;8;2
Geleia de mocotó;1 colher de sopa;40;64;12
"Gema de ovo
cozida";1 unidade;15;51;0
Gemada sem leite;"1 colher de
sopa";15;32;5
Gengibre (raiz fresca);1 pedaço pequeno;10;8;2
Gergelim;1 colher de sopa;15;90;2
Germe de trigo;1 colher de sopa;10;34;4
Gin;1 dose;55;150;22
Glucose de milho;1 colher de sopa;15;43;11
Goiaba (média);1 unidade pequena;100;54;13
Goiabada;1 fatia pequena;40;109;27
Goiabada diet;1 fatia;40;56;17
Goiabada diet Flormel®;1 tablete;25;79;19
"Goiabada diet Flormel®
(cremosa)";1 colher de sopa;20;39;10
Goma de tapioca;1 colher de sopa;20;46;11
Gran Picanha (Bob’s®);1 unidade pequena;253;663;40
"Granola frutas e mel sem açúcar
Mãe Terra®";^{3} /_{4} xícara de chá;40;154;26
"Granola premium com grãos
Vitao®";½ xícara de chá;40;160;25
Granola sem açúcar;1 colher de sopa;11;42;8
"Granola tradicional light
Mãe Terra®";^{3} /_{4} xícara de chá;40;152;26
Granola tradicional Mãe Terra®;3 / _{4} xícara de chá;40;156;28
"Granola tradicional zero açúcar
Vitao®";^{3} /_{4} xícara de chá;30;114;19
Grão-de-bico;1 xícara de;80;277;33
Grão-de-bico (Talharim Ceres);1 xícara de chá;80;277;33
Grão-de-bico cozido (drenado);1 colher de sopa;22;25;5
"Grão-de-bico
cozido (drenado)";"5 colheres
de sopa";110;115;21
Graviola;1 porção;100;66;17
Graviola (polpa) congelada;1 saquinho;100;38;10
Guariroba;1 colher de sopa cheia;15;10;2
Guariroba refogada;1 colher de sopa cheia;30;11;0
Hambúrguer (Burguer King®);1 unidade;124;297;31
"Hambúrguer bovino
grelhado (média)";1 unidade;80;150;3
"Hámburguer de
frango grelhado
(média)";1 unidade;80;155;2
"Hamburguer
vegetal (grão de
bico)";1 unidade;70;125;10
"Hamburguer
vegetal (soja)";1 unidade;70;125;9
Hambúrguer® (McDonald’s®);1 unidade;;248;31
Homus;1 colher se sopa cheia;30;94;14
Hortelã;1 colher de sopa cheia;10;4;0
Inhame cozido (picado);1 colher de sopa cheia;35;37;8
Jabuticaba;1 unidade;5;2;1
Jaca;1 bago médio;12;10;3
Jambo;1 unidade média;40;22;5
Jamelão;1 unidade média;10;4;1
Jiló refogado;1 colher de servir rasa;60;31;5
Joelho de porco;1 porção;100;280;0
"Kasespatzle (macarrão com
queijo)";1 pegador;130;198;20
King Duplo (Burguer King®);1 unidade;212;518;31
Kiwi;1 unidade média;76;46;11
Laranja;1 unidade média;100;47;12
Laranja (com bagaço);1 unidade grande;180;84;21
Lasanha;1 pedaço médio;170;335;27
Lasanha quatro queijos;1 pedaço médio;190;321;22
"Legumitos Fit Food® (média
sabores)";1 ½ xícara de chá;25;95;12
Leite condensado;1 colher de sopa;15;49;8
Leite condensado desnatado;1 colher de sopa;15;42;9
Leite condensado diet;1 colher de sopa;15;41;7
Leite condensado diet Hué®;1 colher de sopa;20;39;5
Lentilha (drenada);"1 colher de
sopa";27;26;5
Lentilha cozida (drenada);1 colher de sopa;27;26;5
Levedo de cerveja Mãe Terra®;1 colher de chá;3;10;1
Lichia;1 unidade;10;7;2
Licor;1 dose;30;103;8
Lima (laranja);1 unidade média;90;41;10
Limão;1 unidade;100;32;9
Limonada sem açúcar;1 copo;200;10;3
"Língua de boi
cozida";"1 fatia
média";30;71;0
Linguiça calabresa;1 gomo;60;192;0
Linguiça de frango;1 gomo;60;142;0
Linguiça vaca/porco;1 gomo;60;230;0
Linhaça (semente);1 colher de sopa;15;67;2
Lula cozida;"1 unidade
média";80;74;0
M&M’s amendoim®;"1 embalagem
pequena";49;250;30
M&M’s chocolate®;"1 embalagem
pequena";49;240;34
M&M’s chocolate® (mini);1 mini tubo;30;150;21
Maçã;1 unidade pequena;80;47;12
Macadâmia;1 porção;30;225;4
Macarrão à bolonhesa;1 pegador;110;136;22
Macarrão ao alho e óleo;1 pegador;110;241;22
Macarrão ao molho branco;1 pegador;110;171;27
Macarrão ao sugo;1 pegador;110;112;24
"Macarrão com queijo
instântaneo Maggi®";1 unidade comercial;80;370;50
Macarrão Cup Noodles® (média);1 unidade comercial;70;309;42
Macarrão de milho Tivva®;1 xícara de chá;80;283;67
Macarrão integral cozido;1 colher de servir;50;61;13
Macarrão integral cozido;"1 colher escumadeira
cheia";110;135;29
Macarrão mini fusilli Barrila®;1 prato;80;280;59
"Macarrão Nissin Miojo® Lámen
(média)";1 unidade comercial;85;360;49
Macarrão simples cozido;1 colher de sopa;35;38;8
Macarrão simples cozido;1 pegador;110;119;24
Maionese;"1 colher de
sopa rasa";8;72;0
Maionese light;"1 colher
de sopa
cheia";12;20;1
Maisena®;1 colher de sopa cheia;20;70;17
Mamão-formosa;1 fatia média;160;62;16
Mamão-papaia;½ unidade pequena;160;62;16
Mamão-papaia;1 colher de sopa cheia;40;14;3
Mandioca cozida;1 pedaço médio;60;74;18
"Mandioca/Macaxeira cozida
(picada)";1 colher de sopa;30;37;9
Mandioca/Macaxeira frita;1 pedaço médio;80;212;35
Mandioquinha cozida (picada);1 colher de sopa;25;20;5
Manga;1 unidade média;140;91;22
Mangaba;1 unidade média;100;43;10
"Manjar branco com ameixa
em calda";1 porção;100;157;30
Manjar pronto Royal®;1 porção;100;109;20
Manteiga;"1 colher de
chá rasa";4;31;0
Manteiga light;"1 colher de
sopa";10;44;1
Maracujá;1 unidade média;45;31;6
Margarina;"1 colher de
chá rasa";4;21;0
Margarina light;"1 colher de
sopa";10;34;0
Margarita;1 copo duplo;240;168;11
Maria mole Nutrimental®;1 porção;44;165;29
Marmelada;1 fatia pequena;40;100;26
Marrom-glacê;1 fatia media;60;149;35
Marshmallow;1 colher de sopa;10;40;9
Martini;1 taça pequena;50;135;19
Massa de panqueca;1 unidade pequena;30;50;10
"Massa de pizza 7 grãos
Wickbold®";1 unidade;40;115;20
"Massa de rigatone com legumes
e queijo branco";1 colher de sevir;75;122;16
"Massa fresca de pizza brotinho
(média)";1 unidade;40;126;23
Mc Casquinha®;1 unidade;-;200;32
Mc Chicken®;1 unidade;;404;36
Mc Colosso®;1 unidade;137;274;47
Mc Duplo®;1 unidade;;333;31
Mc Fish®;1 unidade;;338;37
Mc Fritas grande®;1 pacote;;376;44
Mc Fritas Kids®;1 pacote;;98;12
Mc Fritas média®;1 pacote;;319;38
Mc Fritas pequena®;1 pacote;;203;24
Mc Nuggets®;4 unidades;66;179;11
Mc Nuggets®;1 unidade;;41;3
Mc Picanha®;1 unidade;;1206;59
Mc Sundae caramelo®;1 unidade;154;288;53
Mc Sundae chocolate®;1 unidade;151;279;45
Mc Sundae morango®;1 unidade;150;227;43
Mc Top Sundae chocolate®;1 unidade;-;475;65
Mc Torta de banana®;1 unidade;-;224;33
Mc Torta de maçã®;1 unidade;84;252;28
Mc Veggie®;1 unidade;;559;59
McFlurry M&M’s®;1 unidade;-;344;49
McNífico Bacon®;1 unidade;;571;34
McShake Kopenhagen®;1 copo pequeno;300;502;73
McShake morango®;1 copo pequeno;300;379;65
"Mega Picanha Bacon
(Habib’s®)";1 unidade;280;830;25
Mega Stacker (Burguer King®);1 unidade;713;1924;48
"Mega Stacker 2.0 (Burguer
King®)";1 unidade;407;1100;43
"Mega Stacker 3.0 (Burguer
King®)";1 unidade;560;1512;46
Mel;1 colher de sopa;15;47;12
Mel;1 sachê pequeno;4;12;3
Melancia;1 fatia média;200;50;12
Melão;1 fatia grande;115;34;8
Melão Cantalupo;1 fatia grande;100;32;7
Merengue;1 colher de sopa;25;95;23
Mexerica/Bergamota;1 unidade média;135;50;13
"Mexicanitos Multigrãos Tortilhas
Fhom ®";1 xícara de chá;25;137;16
Mexilhão cozido;"1 xícara de
chá";100;77;0
Milho verde (conserva);1 colher de sopa cheia;24;23;5
Milho verde (espiga);1 espiga grande;100;138;30
"Milho verde com manteiga
(espiga)";1 espiga grande;100;233;30
Milk shake (média);1 copo pequeno;300;336;54
"Milk shake clássico de chocolate
(Bob’s®)";1 copo grande;700;846;177
"Milk shake clássico de morango
(Bob’s®)";1 copo grande;700;734;136
"Milk shake crocante banana
caramelada (Bob’s®)";1 copo pequeno;300;408;75
"Milk shake crocante de
ovomaltine (Bob’s®)";1 copo grande;700;852;157
"Milk shake crocante
(Burguer King®)";1 copo pequeno;300;500;96
Milk shake de baunilha;1 copo pequeno;290;330;51
Milk shake de chocolate;1 copo;290;350;61
"Milk shake de maracujá
(Bob’s®)";1 copo grande;700;629;103
"Milk shake de morango
(Burguer King®)";1 copo pequeno;300;371;70
Mini Bib’s Burger (Habib’s®);1 unidade;105;288;12
Mini Kibe Cremely(Habib’s®);1 unidade;45;100;8
Mini McFlurry M&M’s;1 unidade;86;172;24
Mirtilo (Blueberry);1 pote médio;100;57;14
Misto quente;1 unidade;100;289;21
Mix 7 grãos Quacker®;½ xícara de chá;40;137;22
"Mix sem glúten para pão
Vitao®";"1 fatia de massa
pronta – 50g";27;96;22
Moela;"1 colher
de sopa
cheia";25;29;0
Mojito;1 copo duplo;240;217;25
Morango;1 unidade grande;20;6;1
Mortadela;"1 fatia
média";20;53;3
Mortadela light;"1 fatia
média";30;69;1
Mostarda cozida (folha);1 colher de sopa cheia;45;12;2
Mousse de chocolate;1 colher de sopa;25;79;8
Mousse de maracujá;1 colher de sopa;35;100;11
Mucilon® Cereal Infantil de arroz;3 colheres de sopa;21;78;18
"Mucilon® Cereal Infantil de
milho";3 colheres de sopa;21;79;18
Muffin (média);1 unidade;30;121;17
Muffin de banana Suavipan®;1 unidade comercial;40;141;20
Nabo cozido (picado);1 colher de sopa cheia;18;5;1
Nectarina;1 unidade média;100;49;12
Nêspera;1 unidade grande;40;20;4
Nesquik® em pó;1 colher de sopa;16;61;13
Nhoque de batata cozido;1 colher de sopa cheia;30;55;11
Novomilk® chocolate em pó;1 colher de sopa;15;64;10
Nozes;1 unidade;5;35;1
Nuggets®;1 unidade;26;64;4
Nutella®;1 colher de sopa;20;106;11
Óleo de babaçu;"1 colher de
sobremesa";5;45;0
Óleo de canola;"1 colher de
sobremesa";5;45;0
Óleo de coco;"1 colher de
sopa";10;89;0
Óleo de girassol;"1 colher de
sobremesa";5;45;0
Óleo de linhaça;"1 colher de
sopa";13;120;0
Óleo de milho;"1 colher de
sobremesa";5;45;0
Óleo de pequi;"1 colher de
sobremesa";8;72;0
Óleo de soja;"1 colher de
sobremesa";5;45;0
"Óleo vegetal
(média)";"1 colher de
sopa";14;120;0
Omelete simples;"1 unidade
(1 ovo)";65;111;0
"Onion Rings grande (Burguer
King®)";1 unidade;130;455;52
"Onion Rings média (Burguer
King®)";1 unidade;91;319;36
Ovo cozido;1 unidade;45;67;0
Ovo de codorna;1 unidade;10;16;0
Ovo de páscoa (média);1 pedaço médio;25;134;15
Ovo frito;1 unidade;50;105;0
Ovo mexido;"1 colher de
sopa";15;35;0
Ovomaltine®;1 colher de sopa;14;55;11
Paçoca diet Airon®;1 unidade;20;79;7
Paçoquinha;1 unidade;30;115;20
Paçoquinha zero Hué®;1 unidade;25;129;10
Paçoquita diet Santa Helena®;1 unidade;22;115;10
Palmito (conserva);1 colher de sopa cheia;15;3;1
Pamonha;1 unidade grande;160;413;69
Pamonha doce;1 unidade grande;130;335;47
Pamonha doce;1 unidade pequena;130;335;47
Panetone (média);1 fatia grande;60;216;33
Panetone diet (média);1 fatia grande;60;150;28
Panetone frutas (média);1 fatia pequena;25;88;14
"Panqueca mistura integral
Vitalin®";3 colheres de sopa;30;105;23
Panqueca simples;1 unidade média;80;130;12
Pão Alemão integral Wickbold®;½ unidade;50;99;17
"Pão Australiano integral
Wickbold®";1 fatia média;17;43;9
Pão ciabatta;1 fatia grande;50;125;24
Pão colonial italiano;1 fatia grande;50;128;27
Pão com queijo quente;1 unidade média;85;300;33
"Pão de aveia e linhaça Estar
Bem Wickbold®";1 fatia média;25;61;10
Pão de batata;1 unidade média;50;137;29
Pão de cachorro-quente;1 unidade;55;150;29
Pão de centeio integral;1 pedaço médio;50;116;23
Pão de forma branco (média);1 fatia média;25;70;14
Pão de forma de aveia (média);1 fatia média;25;59;11
Pão de forma de centeio (média);1 fatia média;27;75;13
"Pão de forma Estar Bem
Wickbold®";1 fatia média;20;49;9
Pão de forma integral (média);1 fatia média;25;58;11
"Pão de forma integral Grão
Sabor Wickbold®";1 fatia grande;31;83;13
"Pão de forma integral preto
Seven Boys®";1 fatia média;17;39;7
Pão de forma light (média);1 fatia média;25;50;9
"Pão de forma light 12 grãos
Pullman®";1 fatia média;20;48;6
"Pão de forma light 7 grãos
Pullman®";1 fatia média;25;52;7
"Pão de forma light integral
Wickbold®";1 fatia média;25;55;10
"Pão de grãos mistura integral
Vitalin®";3 colheres de sopa;30;101;22
Pão de hambúrguer;1 unidade média;70;188;40
Pão de leite;1 unidade;54;149;30
Pão de mel;1 unidade média;15;76;13
Pão de mel com chocolate Pan®;1 unidade;15;65;10
Pão de milho caseiro;1 fatia média;70;200;43
"Pão de milho com 50% de
farinha de trigo";1 fatia média;70;204;42
Pão de milho industrializado;1 fatia média;70;201;43
Pão de passas (média);1 unidade média;50;136;26
Pão de queijo;1 unidade grande;40;109;14
Pão de queijo;1 unidade pequena;20;87;9
Pão de queijo coquetel;1 unidade;10;27;4
"Pão de queijo light Forno de
Minas®";1 unidade média;27;55;9
Pão de quinua light Sonda®;1 unidade média;53;158;33
"Pão de sanduíche light Seven
Boys®";1 fatia média;25;60;12
Pão doce/careca;1 unidade;50;134;28
Pão francês;1 unidade;50;135;28
Pão frânces (sem miolo);1 unidade;35;100;20
Pão francês integral;1 unidade;50;127;25
Pão italiano;1 fatia grande;50;136;25
Pão sírio integral Pita Bread®;1 unidade média;58;144;31
Pão sírio Pita Bread®;1 unidade média;53;158;33
Pão sovado;1 fatia média;50;155;31
Pasta de amendoim;"1 colher de
sopa";15;88;3
Pastel (festa);1 unidade pequena;8;26;3
Pastel (média);1 unidade média;32;102;11
Patê (média);"1 colher de
chá";8;17;0
Pavê de amendoim;1 colher de sopa;37;120;9
Pavê de chocolate;1 colher de sopa;35;63;7
Pavê de fruta;1 colher de sopa;25;82;7
Pé-de-moleque;1 pedaço pequeno;17;88;10
Pé-de-moleque diet Flormel®;1 tablete;25;115;8
Pé-de-moleque diet Hué®;1 tablete;25;112;10
"Peito de peru
defumado";"1 fatia
média";20;24;0
Peixe ensopado;1 porção;120;156;2
Peixe frito;1 porção;120;437;4
Peixe grelhado;"1 posta ou
1 filé";100;180;0
Peixe na telha;"1 posta
média";230;262;7
"Peixe, filé à
milanesa";"1 unidade
média";115;305;17
Peixe, filé grelhado;"1 unidade
média";120;117;0
Pepino cru;1 unidade pequena;50;5;1
Pepino cru (fatiado);1 fatia pequena;3;1;0
Pepino picles (conserva);1 /_{4} xícara de chá;50;12;2
Pequi refogado;4 unidades médias;70;143;9
Pera;1 unidade média;100;53;14
"Peru carne branca
assada";1 pedaço;100;158;0
Pêssego;1 unidade média;60;36;9
Pêssego em caldas;½ unidade;30;25;6
Pêssego enlatado em calda;1 metade;47;39;9
Pêssego enlatado em calda diet;1 metade;47;11;2
Picanha (Burguer King®);1 unidade;403;922;53
"Picanha Barbecue Bacon
(Burguer King®)";1 unidade;450;1158;56
"Picanha Cheddar Bacon
(Burguer King®)";1 unidade;323;762;36
Picanha Goumert (Bob’s®);1 unidade pequena;258;698;43
Picolé Chicabon®;1 unidade;63;106;19
Picolé Chokito®;1 unidade;61;232;27
Picolé de coco La Frutta Nestlé®;1 unidade;58;90;13
Picolé de fruta Kibon®;1 unidade;63;66;16
Picolé Fruttare limão Kibon®;1 unidade;58;51;13
Picolé Mega clássico Nestlé®;1 unidade;77;238;22
Picolé Mega trufas Nestlé®;1 unidade;77;258;27
"Picolé Molico frutas amarelas
zero Nestlé®";1 unidade;66;50;10
"Picolé Molico frutas vermelhas
zero Nestlé®";1 unidade;66;52;10
Picolé Tablito®;1 unidade;63;231;17
Pimentão cru (diversos);1 colher de sopa cheia;13;7;1
Pingo d´Ouro Elma Chips®;1 pacotinho;30;155;17
Pinha;1 unidade pequena;60;41;8
Pinhão (cozido);1 porção;30;175;13
Pinhão cozido;1 unidade média;10;25;5
Pipoca diet Maroca®;1 pacote;29;108;25
Pipoca doce;1 saco médio;20;95;20
Pipoca doce;1 xícara de chá;25;95;22
Pipoca doce industrializada;1 pacote;20;71;17
Pipoca salgada;"1 saco pequeno ou
1 xícara";15;67;11
Pipoquita doce de arroz Vitao®;1 xícara de chá;25;94;21
Pirulito comum;1 unidade;20;74;19
Pirulito de coração;1 unidade;10;45;11
"Pirulito diet Well® (sabor
morango)";1 unidade;8;19;8
Pistache;1 colher de sopa;15;90;4
Pitanga;½ xícara de chá;35;14;3
Pitanga;1 unidade;15;7;1
Pitanga (polpa) congelada;1 saquinho;100;19;5
Pitaya;1 unidade;200;84;14
Pizza de calabresa;1 fatia grande;135;256;35
Pizza de frango com catupiry;1 fatia grande;130;249;35
Pizza de muçarela;1 fatia grande;130;249;23
"Pizza de muçarela de bufala,
rúcula tomate seco";1 fatia grande;130;238;22
Pizza de rúcula;1 fatia grande;120;200;24
Pizza massa fina (média);1 fatia grande;120;208;22
Pizza portuguesa;1 fatia grande;125;309;28
Pizza quatro queijos;1 fatia grande;120;272;34
Pizza romeu e julieta;1 fatia;100;272;39
Polvilho doce/azedo;1 colher de sopa;15;20;5
Presunto de peru;1 fatia;20;21;0
Presunto de porco;1 fatia;20;36;0
Presunto magro;1 fatia;25;35;0
"Pringles®
(salgadinho de batata)";14 unidades;25;134;14
Proteína texturizada de soja;½ xícara de chá;50;139;10
"Proteina texturizada de soja
Jasmile®";½ xícara de chá;50;144;10
Psylium Vitao®;1 colher de sopa;10;32;8
Pudim chocolate diet Dr.Oetker ®;1 colher de sopa;7;22;4
Pudim de Baunilha Dr.Oetker ®;1 colher de sopa;11;41;10
Pudim industrializado diet;1 colher de sopa;40;19;4
Pudim leite condensado;1 colher de sopa cheia;50;108;17
"Pudim morango diet
Doce Menor®";1 colher de sopa;6;21;5
Pupunha;1 unidade média;25;41;5
Quarteirão® (McDonald’s®);1 unidade;;528;33
Queijadinha de coco;1 unidade média;35;72;9
"Queijo cheddar
cremoso";"1 colher de
sopa";30;48;0
Queijo cottage;"2 colheres
de sopa";50;45;1
"Queijo minas
frescal";"1 fatia
média";30;72;0
"Queijo minas
frescal light";"1 fatia
média";30;48;0
Queijo muçarela;"1 fatia
média";20;64;0
"Queijo parmesão
ralado";"1 colher de
sopa";5;23;0
Queijo prato;1 fatia;20;71;0
Queijo ricota;"1 fatia
média";40;56;0
Quentão;½ copo;100;294;34
Quiabo cozido;1 colher de sopa cheia;40;15;3
Quibe frito;1 unidade média;50;127;6
Quibe frito (festa);1 unidade pequeno;12;31;2
Quindim;1 unidade pequena;20;64;8
Quinoa (grão);1 colher sopa cheia;25;88;16
Quinoa (grão);"1 colher
sopa cheia";25;88;16
Quinoa grão;1 colher sopa cheia;25;88;16
Rã (perna);1 porção;100;73;0
Rabanada;1 unidade média;60;249;48
Rabanete cru;1 unidade média;60;7;2
Rap fit Pullman®;1 unidade;40;97;19
Rap integral Pullman®;1 unidade;40;114;18
Rap tradicional Pullman®;1 unidade;40;118;20
Rapadura;1 pedaço médio;55;194;48
Ravióli de carne;1 escumadeira;50;141;25
Ravióli de queijo;1 escumadeira;50;149;19
Refresco comum com açúcar;1 copo;200;56;14
Refresco diet Clight®;1 copo;200;5;0
Refrigerante comum (média);1 copo;200;88;22
Refrigerante diet (média);1 copo;200;1;0
"Refrigerante diet
Schweppes Citrus®";1 copo;200;7;1
Refrigerante H2O®;1 copo;200;0;0
Refrigerante Schweppes Citrus®;1 copo;200;93;24
Repolho cozido;1 colher de sopa cheia;10;2;0
Repolho cru (picado);1 colher de sopa cheia;10;2;0
Requeijão cremoso;"1 colher de
sobremesa";15;40;0
"Requeijão cremoso
light";"1 colher de
sobremesa";15;28;0
Risole;1 unidade média;35;145;14
Risoto simples;1 colher de sopa cheia;25;41;5
Rocambole Pullman®;1 pedaço médio;80;294;48
Rodeio™® (Burguer King®);1 unidade;162;398;40
Roll cake de chocolate;1 unidade;38;143;22
Romã;1 unidade pequena;50;28;7
Rosbife;1 pedaço;100;120;0
Rosquinha de leite;1 unidade;7;27;4
Rúcula crua;1 prato de sobremesa;100;17;2
Ruffles®;1 pacote pequeno;30;169;14
Rum;1 dose;50;108;0
Sagu em vinho;1 colher de sopa;20;29;6
"Salada à moda da casa
kani Marietta®";1 porção grande;350;426;35
Salada Agadir;1 porção;100;167;3
Salada Almanara®;1 porção;100;293;12
Salada ceasar Marietta®;1 porção grande;350;538;27
Salada ceaser (média);1 porção;180;152;12
Salada de atum Marietta®;1 porção;350;205;10
Salada de batata com maionese;1 colher de sopa cheia;38;58;7
Salada de frutas;1 copo pequeno cheio;150;81;22
Salada de frutas;1 colher de sopa cheia;20;10;3
"Salada de legumes com
maionese";1 colher de sopa cheia;35;34;5
Salada de legumes simples;1 colher de sopa cheia;30;25;4
Salada tropical (média);1 porção;180;75;15
Salada verde;1 prato de sobremesa;125;65;2
Salame;"1 fatia
média";20;50;0
Salgadinho de soja Jasmine®;1 colher de sopa cheia;20;98;4
"Salgadinhos sortidos Marilan®
(média)";13 unidades;20;136;19
Salsa;1 colher de sopa cheia;15;5;1
Salsão;1 colher de sopa cheia;15;3;0
Sanduíche americano;1 unidade média;190;278;28
Sanduíche de atum;1 unidade;120;372;33
Sanduíche de calabresa;1 unidade;120;303;18
Sanduíche de frango;1 unidade méda;120;299;33
Sanduíche de mortadela;1 unidade;90;284;30
Sanduíche de pernil;1 unidade;120;241;17
Sanduíche de presunto;1 unidade;90;207;17
Sanduíche de queijo minas;1 unidade;120;395;37
"Sanduíche de queijo prato
com presunto";1 unidade;90;239;16
Sanduíche natural;1 unidade média;120;265;29
Sanduíche natural de atum;1 unidade média;120;296;20
Sanduíche natural de frango;1 unidade média;120;288;21
Sapoti;1 unidade pequena;60;53;16
Saquê;1 dose;50;63;3
Seleta de legumes (média);1 colher de sopa cheia;30;25;4
Semente de chia;1 colher de sopa;15;80;7
Semente de girassol Vida Boa®;1 colher de sopa;15;79;2
Semolina cozida;1 pedaço médio;100;370;49
Sequilhos Seven Boys®;1 unidade;3;14;3
Smirnoff ice;1 garrafinha;275;190;47
"Snack de soja ervas finas Good
Soy®";1 pacote comercial;25;95;15
Snack Wrap Chicken Cheese®;1 unidade;128;328;31
Snack Wrap Ranch®;1 unidade;117;280;32
"Snacks integrais Vitao ervas
finas®";2 xícara de chá;25;104;14
Snacks integrais Vitao queijo®;2 xícara de chá;25;103;14
Snacks integral Vitao® (média);2 xícaras de chá;25;109;15
Soja (hambúrguer);1 unidade;50;36;4
Soja cozida (grão);1 colher de sopa;18;22;2
Soja em pasta (missô);1 colher sopa rasa;20;30;3
Soja torrada (grão);1 colher sopa cheia;16;68;5
Sorvete (média);1 bola média;60;161;19
Sorvete diet (média);1 bola média;60;62;10
Sorvete light (média);1 bola média;60;62;10
"Sorvete Molico napolitano diet
Nestlé®";1 bola média;60;60;10
"Sorvete Molico Yogo Natural
diet Nestlé®";1 bola média;60;36;8
Stacker Triplo (Burguer King®);1 unidade;486;1529;35
Strudel de banana;1 fatia média;100;309;56
Strudel de maçã;1 pedaço médio;30;131;19
"Submway Frango Defumado
com Cream Cheese® (sem
queijo/sem molho)";1 unidade (15 cm);232;362;45
"Subway Atum® (sem queijo/
sem molho)";1 unidade (15 cm);232;327;45
"Subway B.M.T. Italiano® (sem
queijo/sem molho)";1 unidade (15 cm);230;415;43
"Subway Beef Bacon Chipotle®
(sem queijo/sem molho)";1 unidade (15 cm);252;423;44
"Subway Beef Barbecue Bacon®
(sem queijo/sem molho)";1 unidade (15 cm);272;417;53
"Subway Carne Supreme® (sem
queijo/sem molho)";1 unidade (15 cm);272;460;50
"Subway Frango com Molho
Barbecue® (sem queijo/sem
molho)";1 unidade (15 cm);237;332;39
"Subway Frango com Molho
Parmesão® (sem queijo/sem
molho)";1 unidade (15 cm);237;301;43
"Subway Frango Desfiado com
Maionese Temperada® (sem
queijo/sem molho)";1 unidade (15 cm);222;632;40
"Subway Frango Empanado com
Cream Cheese® (sem queijo/
sem molho)";1 unidade (15 cm);267;484;51
"Subway Frango Empanado com
Maionese Temperada® (sem
queijo/sem molho)";1 unidade (15 cm);247;572;51
Suco Ades® (média);1 copo;200;88;20
Suco artificial diet;1 copo;200;3;0
Suco comum;1 copo;200;56;14
Suco concentrado da fruta;1 copo;200;14;3
Suco de abacaxi com açúcar;1 copo;200;108;26
Suco de abacaxi sem açúcar;1 copo;200;86;20
Suco de açaí com xarope;1 copo;200;365;60
Suco de açaí sem xarope;1 copo;200;250;46
Suco de acerola com açúcar;1 copo;200;52;12
"Suco de acerola e laranja sem
açúcar";1 copo;200;113;25
Suco de acerola sem açúcar;1 copo;200;25;5
Suco de cajá (polpa congelada);1 copo;200;26;6
Suco de caju (polpa congelada);1 copo;200;37;9
"Suco de caju concentrado
(diluído em água)";1 copo;200;30;7
Suco de graviola sem açúcar;1 copo;200;35;7
"Suco de graviola
(polpa congelada)";1 copo;200;38;10
Suco de groselia;1 copo;200;83;20
"Suco de laranja e cenoura
sem açúcar";1 copo;200;114;26
"Suco de laranja orgânico
(média)";1 copo;200;72;18
Suco de laranja sem açucar;1 copo;200;74;17
Suco de maçã com açúcar;1 copo;200;100;22
Suco de maçã sem açúcar;1 copo;200;42;7
Suco de mamão com açúcar;1 copo;200;76;18
"Suco de mamão com laranja
sem açúcar";1 copo;200;110;26
Suco de manga com açúcar;1 copo;200;80;19
Suco de manga sem açúcar;1 copo;200;48;13
Suco de maracujá com açúcar;1 copo;200;58;14
Suco de maracujá sem açúcar;1 copo;200;45;9
"Suco de maracujá
(polpa congelada)";1 copo;100;39;10
Suco de melancia sem açúcar;1 copo;200;88;19
Suco de melão com açúcar;1 copo;200;68;16
Suco de melão sem açúcar;1 copo;200;33;6
Suco de morango com açúcar;1 copo;200;80;18
Suco de morango sem açúcar;1 copo;200;43;9
Suco de pêssego sem açúcar;1 copo;200;32;7
Suco de tangerina sem açúcar;1 copo;200;86;18
Suco de tomate com açúcar;1 copo;200;121;26
Suco de tomate enlatado;1 copo;200;41;8
Suco de tomate sem açúcar;1 copo;200;48;9
Suco de umbu (polpa congelada);1 copo;200;34;9
"Suco de uva concentrado
(diluído em água)";1 copo;200;116;29
Suco de uva engarrafado;1 copo;200;126;30
Suco de uva integral (média);1 copo;200;140;33
Suco de uva Kapo®;1 unidade;200;106;23
Suco de uva light Tial® (média);1 copo;200;58;15
Suco Del Valle® (média);1 copo;200;112;28
Suco light Ades®;1 copo;200;32;7
Suco light Del Valle® (média);1 copo;200;24;6
Suco light Disfrut® (média);1 copo;200;32;8
Suco light Mais® (média);1 copo;200;32;8
"Suco Maguary® concentrado
(sem açúcar)";1 copo;200;14;3
Suco Mais® (média);1 copo;200;105;26
Suco Mc Laranja®;1 copo pequeno;300;160;34
Suco Tang® (média);1 copo;200;84;21
Sucrilhos®;1 colher de sopa cheia;5;19;5
Sucrilhos®;1 copo pequeno cheio;38;139;35
Sundae Kibon®;1 unidade;145;266;41
Suspiro;1 unidade média;10;38;9
Suspiro diet (Merenguinho®);1 unidade;2;2;1
Taioba (folha);1 colher de sopa;20;7;1
Tâmara seca;1 unidade média;10;28;7
Tamarindo;1 colher de sopa cheia;12;33;9
Tangerina;1 unidade média;135;67;15
Tapioca com coco;1 unidade média;100;298;49
"Tapioca com queijo e coco
ralado";1 unidade média;100;430;62
Tapioca pronta na manteiga;1 unidade;100;174;43
Tempeh;1 fatia;20;40;2
Tequila;1 copo;40;136;19
Toddynho® chocolate;1 unidade;200;185;32
Toddynho® chocolate levinho;1 unidade;200;105;17
Toddynho® chocolate light;1 unidade;200;122;20
Tofu;1 pedaço;30;20;1
Tomate;1 unidade média;70;12;3
Tomate (fatiado);1 fatia média;15;2;0
Tomate cereja;4 unidades pequenas;24;4;1
Tomate extrato (industrializado);1 colher de sopa rasa;15;9;2
Tomate purê (industrializado);1 colher de sopa cheia;20;8;1
Tomate seco (no azeite);1 colher de sopa cheia;25;94;5
"Top Snacks tomate e orégano
Fhom®";1 pacote comercial;25;106;19
"Torrada alho, água e sal Casa
Victoriana®";1 unidade;8;25;5
Torrada de pão de sal (média);1 unidade pequena;10;29;5
Torrada industrializada (média);1 unidade;8;28;6
Torradas (média);1 unidade;8;25;5
"Torradas 100% integral Slim
Toast Fhom®";10 unidades;30;108;20
Torradas aperitivo;1 unidade;2;7;1
"Torradas Slim Toast Fhom®
(média)";21 unidades;30;112;22
"Torta cheesecake
com calda de frutas";1 fatia média;60;148;19
Torta de limão;1 fatia pequena;90;237;34
Torta de maçã;1 fatia média;125;332;46
Torta holandesa;1 fatia pequena;60;181;22
Tortilha de trigo integral;1 unidade;35;92;20
Tremoço (conserva);1 colher de sopa;20;24;3
Trigo (grão);1 colher de sopa cheia;25;70;19
Trigo para kibe;1 colher de sopa cheia;25;83;19
Trufa de chocolate;1 unidade grande;30;140;15
Uísque;1 dose;50;120;0
Umbu;1 unidade média;22;10;2
Umbu (polpa) congelada;1 saquinho;100;34;9
Uva comum (média);10 gomos médios;80;60;10
Uva roxa;1 cacho pequeno;100;79;18
Uva verde ou italiana;1 unidade;8;6;1
Uva-passa;1 colher de sopa cheia;18;55;14
Vagem (conserva);1 colher de sopa cheia;20;5;1
Vagem cozida;1 colher de sopa cheia;20;8;2
Vagem crua;1 colher de sopa cheia;20;4;1
Veggie Chips de grão de bico;1 ½ xícara de chá;25;95;16
Vinho branco seco;1 taça;80;53;0
Vinho branco suave;1 taça;80;70;10
Vinho rosé;1 taça;80;57;1
Vinho tinto seco;1 taça;80;58;1
Vitalin®;;;;
"Vitamina de leite/fruta
(com açúcar)";1 copo;200;133;22
"Vitamina de leite/fruta
(sem açúcar)";1 copo;200;105;15
Vodka;1 dose;40;93;0
Wrap 100% integral Wickbold®;1 unidade;30;75;13
Wrap tradicional Wickbold®;1 unidade;30;80;15
Xylitol;1 colher de chá;3;8;3
Yogoberry comum;"1 porção
(1 bola grande)";100;88;17
Yogoberry diet;"1 porção
(1 bola grande)";100;60;7
